id,fold_id
11759,3
4375,8
2465,5
2499,9
10392,3
1689,6
9497,0
2301,8
11541,7
12265,4
147,9
4294,9
12194,6
1055,6
4804,9
11017,1
9814,7
241,3
4441,1
13788,9
950,7
13004,5
1490,0
1089,0
8885,2
9340,4
7938,3
3196,3
13924,3
3126,1
8139,3
5152,7
12066,5
7548,3
13341,1
6946,0
9310,1
5422,0
5772,1
12635,4
9874,2
10486,7
3719,7
2266,2
8124,4
3958,0
8415,6
13911,3
758,1
9670,0
14734,9
2253,8
4326,6
5054,0
233,0
4490,0
3007,4
14397,0
12560,0
10812,8
11104,9
12539,7
3668,4
10572,9
9254,8
4353,4
2938,8
11247,2
3424,2
4014,3
2798,0
1801,6
8487,9
13169,1
5102,8
10467,6
11661,6
11100,3
3524,0
4405,6
6557,9
6110,4
4626,4
10045,5
11683,0
6579,1
6977,3
7819,1
12316,8
1789,4
11652,3
6960,4
3990,9
7728,6
14612,3
3101,0
999,3
3687,7
7460,2
2469,1
7592,7
9594,8
11159,5
6756,6
39,8
12188,9
9913,7
288,2
369,4
6185,1
1719,5
6600,3
12833,9
7556,2
7549,9
8670,7
11214,7
10613,5
13365,4
12390,8
5791,2
445,4
5747,2
4415,4
5619,5
2349,9
10974,6
10248,3
3304,4
2958,5
11174,0
643,5
4181,8
12824,9
2012,0
5189,3
8771,6
119,3
14200,2
9053,3
10291,0
6584,0
5299,1
10634,1
14041,1
13012,4
9261,1
14444,6
10873,6
1494,0
13011,5
4692,0
13030,2
11013,1
10149,7
13298,6
11728,1
8043,8
6690,5
792,6
3436,1
10371,6
11952,8
8729,4
8050,6
8288,5
14956,9
5313,5
5502,2
3158,9
7263,0
10308,4
14019,3
9267,5
12717,1
11412,2
8646,6
7101,0
10820,4
154,1
6067,6
1343,9
12802,2
11690,9
1860,0
9202,0
9440,9
6856,9
294,9
10164,9
5463,3
9148,9
4478,8
13733,7
992,4
14042,9
1276,6
3542,3
12871,3
10583,1
3419,6
10033,5
14024,6
1581,4
7803,4
5350,8
12785,5
2677,9
5376,3
13986,0
6666,1
14873,7
12849,3
8694,7
14006,3
3656,2
9649,6
6415,5
1470,0
11184,1
4071,5
2870,6
8730,3
10917,3
7511,9
12021,6
13268,8
6610,4
8668,1
9953,5
10567,1
14991,6
8860,4
1882,6
7951,1
3767,8
13098,5
4518,8
9718,2
11546,2
3630,9
8168,9
11289,8
14064,6
13777,4
2090,8
1325,5
1864,4
2625,4
1043,6
14048,8
4011,1
13032,2
5641,0
622,3
9504,9
2109,9
2288,2
3222,0
11213,1
5106,3
14942,2
10620,5
8078,0
11801,6
3808,1
11001,9
10080,0
7643,5
2202,6
11075,7
12923,9
934,8
3464,7
13973,0
66,9
14116,3
7595,0
1134,8
13434,5
3707,8
12589,9
10223,4
13646,6
10006,5
3622,8
12649,9
8574,4
4660,3
10288,4
977,6
9998,9
3694,9
9303,0
5732,7
418,7
8332,0
510,4
4910,9
6352,9
8855,1
1966,1
6334,4
13550,7
11943,2
8362,8
7872,6
3038,1
2367,3
9691,3
7429,7
8655,7
9906,9
9639,7
2004,8
10181,5
6983,6
329,1
13403,7
6979,3
3993,7
9374,8
13605,0
81,5
14554,1
1754,5
9010,2
7064,9
624,0
14539,6
11022,8
6074,7
12416,2
2991,9
4229,6
11002,6
14968,1
8931,7
6608,3
7578,8
11718,8
7761,1
10516,1
2961,4
1786,2
2810,5
12026,6
3621,8
8285,3
10629,3
9080,3
10203,7
6091,0
14989,2
12,7
5656,8
10212,3
108,7
8529,1
12171,1
11216,9
14287,5
3421,7
13537,8
12557,8
11704,3
13784,4
10686,8
3960,4
7428,4
1701,4
9468,6
14599,8
13495,5
5229,7
9562,6
1215,0
5453,5
12080,2
10729,9
11150,9
9417,3
13082,2
14032,2
8798,4
6397,8
6255,9
3718,4
7146,1
11585,1
5326,2
9169,6
14480,1
2578,6
9557,1
12126,0
14954,1
6880,2
1360,8
1032,2
11725,9
14052,0
14151,8
12907,7
5294,4
13155,7
14994,0
6367,7
2786,9
12486,1
1372,6
12503,2
12809,9
6280,1
1566,2
14134,7
6369,8
6972,0
5072,3
1521,1
3491,2
8508,3
5838,2
6329,9
6181,1
8965,5
5116,8
12693,6
3642,7
4621,9
5408,7
14635,2
13450,5
1935,3
6812,8
11417,5
12247,1
3663,1
3249,0
3519,5
9994,9
8687,7
3099,2
9529,8
3810,7
3477,3
3720,4
4369,0
14232,6
5542,3
10758,6
660,4
9321,0
7084,1
3128,6
8612,5
5848,7
815,6
3199,1
3043,8
12814,7
10476,9
11850,9
12989,8
2397,7
6356,1
12369,0
12184,4
10963,8
4311,1
6911,3
332,7
6768,7
2153,1
2711,3
8076,4
5959,4
6170,6
3025,0
10798,2
1059,5
8358,0
13278,2
9298,4
3092,0
1478,3
4633,5
1433,4
13750,6
12462,8
14855,0
11274,6
10484,5
5361,4
1757,6
4288,8
3645,4
4603,7
8410,0
6559,4
5253,2
9940,0
2599,8
9762,3
14157,3
6969,7
10871,1
5869,2
11953,3
4697,0
14331,3
13536,0
7051,3
13989,2
5028,1
13854,9
4745,3
5549,2
11475,6
3739,5
612,6
10551,6
7347,6
2337,1
14872,7
14370,2
11832,2
14790,3
10483,4
2446,8
2142,0
951,4
2705,2
11354,4
13332,9
5117,1
14298,1
7493,8
8548,3
13557,5
9173,9
12561,9
4887,8
6844,1
4960,2
8041,0
1949,7
6477,5
8396,7
7524,7
8227,4
4351,6
8778,8
10274,9
5602,2
14843,8
13531,0
7715,3
11058,2
10651,6
6050,5
6463,9
6589,7
6678,9
12105,7
13532,6
5639,3
1962,8
10759,3
813,0
1774,2
14565,7
13149,2
14255,6
14638,0
5598,7
1546,6
8176,8
11507,5
13952,8
14937,1
2193,5
2178,5
10,9
11364,9
6996,0
6284,9
4881,2
6643,0
14841,1
7900,8
10062,6
8378,6
10071,1
14071,2
7799,9
377,2
12170,7
2504,3
9790,6
6949,8
2362,9
10910,2
3312,6
11711,5
2839,0
9082,7
7304,1
7243,9
1708,7
11593,0
262,6
9972,1
12669,7
10679,3
12875,7
8349,1
11505,6
8520,9
12607,4
14909,3
7125,4
5339,1
12339,2
12842,4
7047,8
695,5
2700,4
7002,2
2290,3
237,6
8460,4
2201,5
11798,9
5669,2
2335,8
658,6
5485,6
11203,6
13261,0
8785,0
4788,4
7278,1
2701,1
11180,4
3525,5
14449,6
14684,7
1090,5
11018,3
12877,4
14723,2
1228,8
5250,8
358,7
3683,0
1324,4
7192,1
8639,2
7916,7
2272,4
8774,6
10277,8
1041,7
12792,8
808,3
2573,0
8602,8
8265,1
9719,5
4144,8
10333,3
9123,2
12876,3
9944,7
12239,5
13632,8
341,3
6229,0
12894,7
4829,3
7034,2
6985,9
349,6
4429,4
11755,0
7187,4
797,4
9730,5
4590,1
8125,2
2780,6
5046,0
2383,9
1703,1
5131,3
874,0
8498,7
11333,4
7406,2
14267,2
2987,2
505,4
5978,5
3910,9
7555,9
8002,2
3058,2
7114,6
6508,9
7862,0
4103,1
374,8
13761,4
14929,2
1388,1
4870,1
5320,0
1971,9
10554,9
1129,7
6425,9
7781,5
14260,5
11065,0
5178,0
4095,3
14969,5
3646,6
11764,5
4028,1
10872,4
4483,4
2034,7
8477,7
3112,2
7895,0
4993,6
14846,9
8923,4
10993,2
2770,2
14493,7
6265,3
5088,2
12701,7
14824,1
8416,0
7104,1
7750,6
8469,6
12355,2
3083,2
2651,7
12799,2
10439,4
979,0
11242,0
4619,8
126,3
1664,8
2895,1
11393,4
3613,1
9136,8
5807,5
6057,5
3804,4
14904,1
12727,3
14830,0
14153,8
14202,5
6821,5
540,1
5958,6
1988,0
3086,0
6243,7
9937,7
11969,5
10577,4
12843,1
573,4
8824,8
14809,6
2825,0
13019,2
3860,3
14649,9
12548,2
4948,2
14481,3
3494,6
6581,8
8744,4
11050,5
9034,1
5922,2
3016,1
8344,0
3324,6
6390,0
6159,7
14596,3
11312,0
3854,4
249,6
12001,1
7685,6
9699,3
3186,3
10769,0
5765,8
10265,8
87,1
727,1
926,8
5717,5
1075,8
13739,4
7417,2
2978,3
13238,4
14409,4
1534,7
11627,1
3076,3
2017,8
10697,9
6792,8
11866,3
10742,4
13068,7
7291,8
13551,5
102,6
11035,7
7508,7
12402,8
2471,4
12661,9
6035,7
14488,5
13222,0
4206,4
3441,0
9955,5
10790,9
10592,2
9280,2
7566,3
5526,3
1336,8
11315,8
6025,6
8620,5
319,8
9131,9
10594,5
3490,2
3307,9
4996,7
12747,2
9060,2
5674,5
10359,7
10405,3
13862,9
6072,1
14213,6
2546,6
3861,0
5405,1
8248,5
4923,7
6302,2
12338,1
12542,1
13529,2
2756,8
886,3
11336,5
3837,6
846,8
3730,3
9820,5
5773,0
12960,6
11317,3
3379,8
13383,0
1736,9
12905,8
6440,5
11330,4
6940,8
6480,3
5802,6
11813,9
7004,8
10086,2
7584,0
8793,2
109,2
8727,1
2134,1
14881,7
3131,7
6000,3
10487,0
5891,3
6394,6
14571,2
14188,3
6626,7
8768,7
227,9
2884,5
2883,3
1960,4
6855,4
944,2
10084,9
10318,2
14651,2
2745,1
8742,6
7260,1
6456,7
4230,5
935,9
14004,7
12302,7
2948,5
11298,4
8604,6
10208,6
5114,8
7697,7
12870,6
4296,2
4836,4
11130,8
11988,9
7998,1
10982,1
903,2
13484,9
7496,0
10373,7
3142,5
10870,8
631,9
11570,3
11709,1
3943,8
9554,4
383,3
11964,4
7672,4
13974,7
7127,3
10678,7
12918,0
3911,6
14818,4
1194,2
2875,1
10505,8
10942,5
12678,0
6913,6
138,9
11080,0
3561,6
1927,4
6713,3
12008,5
7682,6
8421,9
2508,6
1163,2
13877,8
9192,3
790,6
2113,6
14376,4
3802,7
10943,9
2678,4
6496,2
13253,1
4074,4
6548,7
679,8
10448,7
8737,6
4339,7
5324,4
6429,7
9694,6
80,2
14945,7
7670,4
9156,9
988,5
2881,6
12164,6
12995,9
11502,3
2462,0
442,0
8709,0
7859,1
12227,6
14560,7
10066,8
3781,0
12682,2
6869,0
3000,1
11231,7
12091,9
7833,8
14186,6
9666,3
12354,8
2608,0
4837,1
8509,3
3438,1
13230,7
14673,4
8215,3
14541,1
693,6
1204,9
8030,1
721,4
1613,3
4778,6
10306,6
13266,5
5993,8
6330,9
2161,6
4624,4
10424,8
3994,6
4983,3
2359,1
4378,8
14582,0
351,8
4345,7
4536,0
4093,0
557,1
8183,7
5393,8
4474,1
7513,4
1346,8
13624,8
13499,8
5240,0
11705,6
14713,3
8466,0
5531,3
8631,9
5435,4
13165,2
5821,9
2360,4
3903,1
11395,8
192,4
1851,6
6664,2
5374,4
9040,6
7358,4
12845,2
1331,1
4653,3
10779,8
6361,6
3555,7
14266,5
8401,3
9172,4
6438,4
74,6
13359,1
4645,4
6386,6
5366,6
11210,8
11631,1
2951,0
13168,0
8453,4
11693,1
2928,7
14075,3
12464,7
5503,0
8757,3
3113,7
11087,8
7740,9
3698,7
14086,2
9735,0
4037,2
8773,6
9145,1
4130,7
7503,5
3932,6
7650,0
3220,9
6837,7
13627,2
1457,6
1008,3
5123,5
6146,3
14573,9
13815,4
1044,2
930,8
2963,8
7775,8
10396,6
1003,9
2776,4
6287,1
6669,8
8467,7
12479,9
8968,1
12982,0
14878,5
10316,2
9600,7
13942,7
8210,4
1843,5
5158,3
8448,0
10491,9
7292,1
9807,0
3045,8
13140,1
9870,5
8797,8
8513,0
8678,5
5494,6
13889,8
11072,2
4622,5
9908,7
4755,9
1091,6
9902,6
14572,3
11170,2
13969,2
12600,5
11451,6
11796,7
785,7
6018,9
5279,8
4664,1
7451,8
7829,3
6203,7
9894,0
4131,9
1389,6
1810,6
8928,8
11284,7
4269,6
3842,9
3584,5
6605,3
1155,4
11578,8
5436,4
5904,0
9271,3
11889,4
2491,8
5713,1
13530,7
7882,2
13831,7
10764,3
4928,0
4379,0
10553,0
2479,2
9235,1
13948,4
3394,8
2751,0
7606,4
5787,4
13451,2
1552,7
7191,2
3914,4
14030,5
4000,3
5424,9
8331,7
4508,5
314,0
10968,4
3912,1
8397,4
32,1
8359,3
3500,4
5242,4
1732,6
4008,9
1579,9
7249,2
4631,1
12857,4
1979,7
60,9
696,1
9139,8
14810,6
14744,5
13026,0
8505,4
3048,5
5558,2
13645,1
8482,3
9294,6
9434,5
75,6
4617,4
1154,0
3902,3
8672,3
4924,9
10789,2
1006,1
7140,5
3032,3
8630,1
11478,5
12392,1
1929,8
4197,5
3871,5
12415,5
11592,1
5612,8
14944,4
12280,6
13802,9
8994,9
13348,3
4596,7
7512,7
4791,2
6388,8
10070,1
7894,1
4453,3
493,3
7422,9
14602,2
3296,1
3667,3
2909,3
12570,0
8120,9
3681,8
10986,6
2935,0
9204,1
5018,5
1781,7
2107,0
4695,7
1841,5
12953,0
7241,8
8450,7
12582,6
14732,1
14702,4
3664,6
12911,1
8939,7
13791,2
11799,7
11878,6
2435,6
635,1
9823,2
2300,4
14920,1
7821,0
3110,0
4930,0
4995,5
5191,0
10478,5
5260,2
11215,8
3985,4
13106,6
277,8
14313,8
13710,3
3161,5
9704,2
3595,8
12130,0
7571,4
10048,9
13762,8
14663,1
6719,1
11342,1
13480,6
1563,3
4051,7
289,2
5231,6
7481,5
5090,8
5855,6
12396,1
3171,2
4987,6
1436,6
12319,2
7234,1
9642,4
3818,4
11264,2
12770,1
5976,0
2014,4
9634,3
91,3
7115,0
2775,2
1597,2
12825,1
1680,5
11944,0
9217,9
365,3
8454,2
14526,7
571,9
6250,3
3020,9
14165,8
14235,8
2616,7
775,7
10199,6
6784,7
10673,1
14229,7
7875,7
2273,6
14355,4
11995,2
13345,1
9135,0
14928,9
1608,8
6245,4
10126,2
11139,7
185,3
8389,2
2774,4
2364,7
7377,5
4662,4
6820,0
5519,1
9764,2
3868,5
2717,6
4462,3
3462,5
5990,4
8786,8
14532,6
14987,9
7491,0
6402,1
14825,9
11331,4
4582,8
10307,5
2205,9
7487,6
13107,8
3232,8
1820,8
6671,4
6317,5
8237,5
6826,3
13399,3
6082,1
5621,6
8561,5
6446,9
9483,1
8373,1
3931,4
6372,5
3905,0
2659,4
1476,6
10315,2
9415,7
10542,3
3475,9
1218,8
2358,2
6114,2
1189,2
2976,2
2784,1
5456,2
7588,4
9784,6
10936,1
6205,3
14950,1
9863,3
14887,9
13242,9
7912,8
949,9
14098,6
11883,0
6680,3
7041,4
4792,7
10198,6
3843,5
9632,7
541,8
13535,8
11660,5
13244,0
11945,0
9633,7
1824,9
12025,4
33,0
5878,5
6310,1
7972,0
6004,8
9329,3
7284,0
3501,7
8532,0
14195,5
348,5
9765,8
12553,9
84,5
274,9
13576,3
3262,8
8660,6
8945,6
181,0
12567,0
3901,3
2065,8
7649,4
14383,5
14828,8
5667,6
3129,1
14451,3
2001,5
14307,1
7836,4
8186,3
2464,8
12762,1
8601,6
8576,7
1106,8
13386,7
4908,6
13708,3
11066,1
5816,8
6805,1
14706,3
9541,2
2967,5
13208,5
7242,6
5179,9
9841,5
14142,2
601,1
12583,4
3056,6
6620,6
353,8
12713,3
2082,5
8863,3
10042,8
13312,3
11975,3
10814,2
1132,7
285,2
6070,3
10626,5
4946,6
10665,9
14616,1
8247,9
2606,2
3786,2
8621,2
14999,8
4848,4
8566,6
1602,1
13697,1
4302,2
10684,5
1159,4
2166,0
13317,0
6227,0
2231,9
8355,6
5373,4
1341,8
9496,1
2149,3
7805,1
9791,3
1070,8
5939,3
5060,9
3833,1
4097,5
14335,1
4132,1
7346,6
4031,6
2402,1
7572,1
11182,4
1064,4
13393,4
2648,0
4938,7
1274,5
14674,3
1326,1
10178,4
10088,7
822,5
2670,3
3648,0
5630,9
5761,1
10237,3
12353,8
3255,0
12370,6
5340,8
11527,0
7794,9
3308,4
7905,7
8734,3
13723,4
5618,5
9786,2
9331,8
13658,5
5347,2
10733,2
4797,3
877,6
897,6
7423,3
2844,1
12696,2
6751,8
10563,5
12926,7
3401,8
4525,5
8834,7
12569,6
2702,7
12788,5
1806,3
8249,4
13289,1
4501,3
2341,1
11641,1
9001,9
1506,7
9147,3
12262,9
14869,2
6832,9
7721,7
2510,1
14664,2
6591,3
8795,4
2558,5
5282,3
4952,8
13740,0
5934,4
5357,5
13845,6
5546,4
9933,9
7946,5
2547,7
11928,4
14339,9
12691,7
14160,2
10579,6
1524,8
14363,1
14389,2
297,0
8316,3
636,2
11526,6
8893,2
10599,3
6164,9
4675,9
13028,7
12869,8
11118,2
1013,7
5187,1
8738,0
1271,1
14192,8
5846,1
14563,1
10503,0
12139,6
12830,1
9251,2
10046,5
4842,4
2055,0
6149,8
9368,9
2689,1
12276,1
5857,8
7516,1
10713,4
629,5
9929,2
12490,7
10196,2
14643,0
12052,2
11948,2
11513,6
8360,2
8393,9
9518,1
5899,3
10568,0
6757,8
12249,2
14328,2
11346,8
12554,6
4899,7
9866,9
4846,2
12737,3
1081,7
5495,5
6297,7
1593,4
5594,8
6583,6
10171,3
893,5
3323,7
2706,5
12411,3
1281,3
1391,6
3233,0
3239,6
1771,9
2037,7
11793,6
2904,6
12718,5
644,1
1872,4
5796,1
11359,1
814,1
8153,5
11567,7
1999,6
8510,1
2577,5
11048,7
14592,1
5711,8
7075,7
1456,4
6178,2
8488,6
608,8
9351,7
8650,8
12992,4
11332,2
1065,6
7105,5
8375,5
4922,9
11967,4
12405,5
14961,1
5181,5
13978,3
6188,1
14021,1
2867,3
14667,6
10065,6
11736,7
11926,8
1408,4
10444,2
5185,3
6163,6
12029,3
8689,2
1358,1
7373,5
8872,7
11703,4
7966,7
3291,9
13271,9
1452,6
6029,8
11951,6
3504,4
6989,4
4085,9
10964,9
6288,3
1705,6
8642,9
12189,1
2392,5
12306,8
13808,7
8147,5
1834,6
13909,4
4703,3
527,6
13229,4
704,7
11667,7
10785,9
12537,9
1146,4
42,3
6513,6
1260,9
7334,0
5157,4
9560,1
1725,2
9993,7
9416,1
1427,9
966,0
9266,7
9605,3
10999,1
11602,1
5096,5
10200,3
11222,1
12467,6
12456,3
14614,9
4771,8
6790,2
477,2
2934,9
2990,9
3167,8
9535,1
11345,4
2003,8
5298,9
9619,4
7694,1
8403,2
3793,6
5052,7
7523,9
8149,9
3538,1
11522,0
488,5
14745,3
13401,8
4544,3
6999,2
8011,8
7876,9
10744,1
3571,2
2140,3
5860,0
6737,3
8896,6
5889,6
6303,2
10384,8
9647,9
3484,7
3938,0
10040,7
6838,4
5569,4
5730,0
150,7
9812,3
5868,5
5136,0
1216,9
13510,3
12309,9
9353,8
7427,8
1539,4
7807,2
588,0
3530,6
13077,9
7360,4
4005,0
9218,0
13258,1
14299,9
11632,9
4010,5
12201,4
3005,5
10913,9
1869,0
8191,4
13240,0
13690,4
6533,9
11470,2
5632,7
13705,4
937,5
1463,7
10036,6
3027,3
2926,3
2861,8
9228,9
2043,7
234,5
1125,8
13088,7
7688,1
669,6
11751,1
4004,2
3264,3
1073,9
1733,1
13935,7
11634,1
13070,2
10674,7
1937,9
6555,2
7665,3
13681,9
4918,6
7647,5
14895,4
7691,3
1472,3
12912,9
3721,9
8696,4
2112,8
9072,7
10187,1
2027,2
10267,4
4052,4
2661,4
10980,0
14959,9
14361,7
14579,5
10889,1
11986,7
4635,1
11923,8
3356,1
1508,6
5345,6
5005,2
12987,4
13102,5
2210,2
113,3
8832,2
7621,0
12367,2
11583,3
4257,9
811,4
13871,6
6129,8
5588,1
10991,3
14330,3
1213,2
8887,7
5119,4
2023,6
14537,0
2914,9
1270,4
6536,4
485,7
9543,2
5182,9
13899,3
12273,9
2312,3
10645,2
8429,8
2395,9
11735,4
11504,6
3051,2
13404,9
1673,0
10893,5
5418,3
12294,0
10211,6
7771,6
1729,1
8065,9
10186,6
8806,3
7828,2
5488,6
10297,7
6231,8
1480,9
3359,2
652,7
5617,1
3114,0
9456,4
4212,3
11158,3
11924,6
436,2
6635,5
492,1
13067,6
12744,3
5777,5
11129,3
13430,5
7498,6
4044,4
13643,6
7576,2
7834,5
9859,3
6864,9
11105,4
7376,0
8365,0
7290,3
5532,8
9622,7
497,2
3396,9
1849,8
4538,6
4025,0
531,2
6741,0
3741,4
8115,4
8543,0
9190,7
9677,0
14911,0
9194,4
7675,8
12863,3
4113,1
406,6
1592,9
12625,5
5572,0
8708,8
10415,7
1001,4
4557,9
2361,4
1421,3
14127,0
12994,7
9134,1
10821,9
2077,6
14434,0
3214,2
117,2
13395,1
7742,8
11102,1
14512,0
9332,7
10466,0
7232,8
2789,0
6165,5
8274,3
9963,5
8950,4
12827,6
7395,4
3586,0
11,5
4539,8
2680,9
3727,5
5386,7
11088,9
7991,8
13906,6
4667,2
3328,2
4944,0
7154,3
3756,9
4565,6
3230,9
7213,9
2022,4
11490,5
5875,6
340,1
3682,6
6987,8
12697,6
440,6
2000,8
3980,1
3387,4
11842,8
11756,2
3078,7
12047,2
7087,2
10416,0
6059,3
12944,9
14415,2
1096,8
7430,1
1316,4
9665,3
3672,6
14126,7
5097,4
10792,7
6527,0
8918,9
870,2
6090,0
16,6
6799,1
959,2
6631,4
8347,3
14756,1
11103,2
1888,4
12162,0
4287,4
8971,7
13897,9
3251,1
14676,5
14012,9
8746,8
14101,7
12835,9
3736,8
12381,0
3453,5
7899,7
9810,0
3228,1
9701,4
8700,6
1696,5
3146,3
11884,9
6096,3
6586,8
4779,6
283,4
7677,2
14367,9
12950,8
13787,5
3409,6
356,1
2633,7
9406,4
4602,8
8060,2
424,3
12293,3
14687,3
10270,1
4939,5
8770,7
13181,7
2342,7
5600,3
3055,9
13144,2
2102,2
3839,3
7564,9
2864,5
8305,4
4321,8
12858,5
1856,3
3265,7
188,4
6540,8
2083,7
6100,3
9815,8
5698,5
10894,8
7632,0
10992,4
13462,8
7138,2
7562,6
4856,0
2226,8
13598,7
8619,2
12518,1
2421,2
4006,7
4782,9
6128,1
14220,2
3986,5
5609,3
5387,5
3930,9
600,5
6027,8
1654,6
10778,0
8891,9
9565,2
3487,8
12866,7
2996,9
1842,4
3479,4
9206,5
2240,7
11160,3
6943,1
664,8
2494,8
8190,5
14495,9
7982,7
7384,5
13809,8
10206,1
13828,9
331,2
14691,6
12068,0
3653,6
12853,2
7077,6
13639,7
3321,0
10160,9
2413,1
1432,5
10973,7
11831,0
9990,5
7462,4
1511,1
13083,8
1366,8
14482,4
852,3
11586,4
8280,9
10795,7
12784,8
11576,5
13662,1
499,6
13448,5
10193,3
12042,5
10548,0
1023,3
8074,4
10880,9
5655,2
10650,7
5870,5
4433,0
14109,4
13328,1
6324,1
10555,9
8036,2
12150,8
8684,1
1694,3
12970,7
13503,8
11046,6
5631,4
4982,9
7507,9
193,1
5530,2
12681,5
11053,4
2433,5
4081,8
10537,1
2718,4
7321,3
4243,7
7123,2
14948,4
11031,9
11411,2
2427,4
13685,8
7858,2
12867,5
5348,5
9055,6
10136,4
11125,3
2196,5
13225,6
9180,4
3350,2
3548,7
3147,2
7974,2
7276,6
5460,9
2458,7
2586,6
3488,9
5302,0
11821,9
5700,3
10393,4
12240,0
6465,0
12071,9
11404,0
7201,5
9111,5
10441,5
8132,8
13163,7
8595,2
2269,2
14245,2
8015,5
7873,2
1778,2
8390,8
8310,6
4050,8
6524,9
8583,1
10978,8
8295,7
9601,2
10844,9
5831,0
12805,9
914,7
12181,2
5918,0
865,6
12451,1
12404,1
12841,0
3870,4
14219,1
489,0
14060,5
1118,0
359,9
9002,1
4156,3
5,2
3070,7
8333,0
13306,0
7262,0
10866,1
8222,4
9892,1
1186,8
2543,7
3680,4
2486,8
5824,0
9130,2
4533,4
2356,1
6078,1
8099,5
13858,8
2682,5
12069,5
9737,9
4452,0
10529,5
14166,8
2148,4
7687,3
5349,7
2856,5
13744,7
2167,4
11516,9
9950,1
9005,0
7231,1
13524,2
6617,5
7212,1
1458,5
10309,2
1492,5
7530,1
6885,2
9052,0
761,9
5814,8
1560,4
1855,4
1042,7
14063,0
10252,4
166,1
14364,2
12297,4
12283,0
14490,3
13492,1
10888,6
3552,1
13884,7
8384,2
14866,8
5234,3
9553,3
8585,8
10606,3
7976,3
9592,1
5201,9
1251,6
13806,7
731,3
3365,8
14511,6
14431,8
6803,1
532,6
10465,4
1176,0
12986,2
2442,6
4604,6
11249,7
7608,0
2544,3
10805,6
2665,6
1487,8
11580,4
3760,0
14533,8
7196,3
6640,4
5514,0
5719,2
1704,0
14761,0
11523,9
6344,1
10800,9
4299,8
6360,9
11900,4
4421,9
6975,9
5115,3
5740,6
6692,3
1225,7
8022,2
10107,8
12121,7
9869,5
8527,0
4659,0
4913,6
13657,2
7639,4
13239,9
7136,7
6532,9
5025,5
4228,9
10411,8
9197,8
9512,7
4153,0
11397,6
10838,5
12221,2
9614,1
13205,3
741,0
5893,6
9356,6
14921,8
4805,4
3515,6
470,0
7654,1
6926,4
14333,2
7874,4
8170,6
7537,4
9042,1
14337,7
8711,6
3616,1
14509,9
6628,5
7486,2
5257,7
6623,4
2740,6
3554,8
10543,6
10547,0
2085,6
6153,5
4530,7
12469,0
11572,7
316,3
261,9
3463,8
8290,9
6859,0
12318,7
9273,8
6630,9
5752,8
14729,7
3557,6
4307,1
12322,8
6135,5
8005,6
1591,1
4957,6
13024,5
7961,7
8112,0
6461,5
13164,6
13846,4
9069,2
10182,3
1266,7
8898,8
9563,2
13660,6
7295,7
6162,8
7886,8
9083,1
5783,2
1386,1
3374,0
1000,1
11076,3
14955,8
11198,6
3266,0
5044,9
14693,5
2550,2
13482,4
8255,3
3726,8
11993,0
10911,0
740,6
6341,1
4949,9
5270,9
10612,2
6038,4
2265,9
7948,9
7669,7
3194,3
459,3
2390,7
7099,5
10016,5
12663,6
6733,7
4847,0
8686,2
13351,9
11918,5
12776,4
11563,2
2120,5
10823,1
12314,9
3008,9
12755,2
3967,5
10715,5
3337,6
5836,3
2783,2
11814,2
480,6
2254,9
14263,3
6703,3
12059,9
14715,7
14051,4
2787,4
5971,3
12487,6
12749,2
2319,9
5037,4
707,3
3897,7
9480,3
13412,7
5300,6
7160,3
1,9
2378,9
12890,6
13248,3
10422,6
6747,9
11163,4
10841,7
8654,1
14054,7
3050,4
14143,0
3206,5
7852,7
11466,3
585,3
9492,1
6752,8
7020,8
7348,4
13468,6
6787,3
9151,0
14384,8
4795,5
1890,4
9168,7
6066,1
170,4
447,2
2382,7
875,7
2854,0
4320,5
7733,4
14162,9
293,4
364,5
1022,3
14386,8
12750,8
2962,6
11234,1
9339,6
6521,6
7301,5
407,8
8266,2
6698,3
2983,7
3909,6
392,2
14250,0
10348,9
10378,4
14742,0
6705,3
10649,0
3651,6
8107,6
5782,7
754,9
6023,8
5874,1
10961,4
11135,5
11239,8
10952,3
14783,0
4118,2
1200,6
379,4
13525,9
3370,3
1715,5
11514,2
12613,1
9414,8
7313,2
4274,3
14130,0
816,7
13269,6
13959,7
12407,3
13300,1
7190,6
11269,5
11775,9
8844,7
14439,5
3358,1
8581,7
14236,0
10408,1
7281,7
10218,0
9645,2
1273,4
13075,5
10669,7
4281,6
9905,0
11428,7
4509,6
1066,9
11748,1
4152,5
9984,7
5955,0
1540,4
10239,6
10638,4
7526,3
12333,4
5969,9
10600,8
6220,7
292,1
10144,8
9486,2
5010,6
8304,4
4479,0
10569,6
10906,6
9980,6
11255,3
9481,6
10060,8
5303,8
2823,2
6529,3
7120,7
6158,1
1136,7
1699,4
1868,0
9085,9
11473,6
5545,9
12123,5
5262,5
9426,2
14072,7
2896,3
9048,9
11528,9
13076,5
4404,1
5585,5
10720,9
13433,8
30,2
4248,0
11957,4
10846,1
9467,3
4834,6
3865,1
9999,5
13394,3
3082,6
5654,5
3882,9
10550,8
5610,7
5998,8
10345,5
7141,3
13426,8
7734,1
9569,5
7319,8
10472,9
11937,4
4451,3
3498,9
14401,0
5154,2
11273,7
8336,9
5144,9
3263,4
1692,2
666,5
3603,0
7648,5
12143,6
11471,5
13987,0
9720,4
8364,8
10340,0
52,7
5411,2
1938,4
12178,6
145,2
1419,0
990,8
9140,4
78,1
14576,5
14705,8
14531,9
1248,0
13347,0
6253,8
11415,5
2045,0
9286,5
6746,6
2070,3
1278,0
8957,4
13262,1
9533,1
1658,1
14035,9
3534,8
433,4
13682,8
12545,3
1783,5
5566,5
9404,0
1517,8
8435,3
9638,9
3925,2
7413,0
6526,8
4967,4
13387,5
8351,6
12368,0
12446,9
10834,6
2042,7
6213,0
14976,2
12622,0
6355,6
10179,6
14939,7
5840,2
14982,2
8129,4
5920,0
4546,9
10228,0
12932,2
12387,9
330,3
6385,2
12623,1
1948,9
1908,3
6451,9
5705,9
6208,1
5022,0
7783,5
14014,8
9352,9
11870,0
8474,4
6088,5
9808,5
9282,5
6488,3
3817,7
6978,4
5174,0
14378,8
6156,2
94,3
13376,4
11218,9
7627,0
4746,3
4258,7
5317,2
9531,8
3662,7
1031,1
122,0
13983,5
10640,2
10639,4
11111,3
12020,0
5455,4
6861,5
647,5
10858,1
13274,1
10151,6
5665,5
6773,9
6405,9
13774,1
7183,9
2949,9
7131,7
11892,0
2059,3
151,1
1195,9
11663,4
2772,8
967,4
567,6
12525,2
9463,7
3768,3
14217,9
2181,4
309,5
4007,6
137,6
10082,2
12064,9
4488,2
14962,3
2257,1
9840,2
11665,0
5771,4
4461,4
8311,8
8262,6
11664,6
8861,4
14965,1
1559,3
12046,5
9579,0
1619,2
131,8
7613,4
10514,3
7418,8
7546,1
8624,3
10675,5
4613,3
8243,8
11540,1
4165,0
14934,1
10827,6
13767,0
13868,4
7174,7
2117,9
10118,3
7012,8
6659,3
10072,6
10527,8
3545,6
2585,4
9408,6
4466,3
10341,7
13214,9
13649,6
3975,8
6917,1
1804,2
4435,2
3625,9
6464,5
4119,7
9061,8
3734,6
9394,2
6312,7
12504,4
2739,3
6938,4
12499,9
13096,5
10427,0
3273,1
9210,8
4455,9
8993,4
11098,4
11600,3
2183,5
2797,4
13753,3
11893,6
4634,6
9354,0
12980,2
12438,3
14254,4
14970,3
2737,6
11420,7
9306,3
13725,5
11679,9
3495,3
12444,0
1507,5
5663,3
2316,7
3348,2
10421,4
12258,2
3863,9
12488,7
8637,1
34,4
7915,7
4365,0
10693,6
1113,0
3796,0
70,9
12733,1
9230,6
10788,3
4716,1
3496,7
8275,6
13042,9
13559,0
3013,2
2029,6
6300,6
3764,6
5149,0
5988,2
256,4
7371,3
7124,4
13303,9
5498,7
726,1
1738,8
14095,3
12431,2
8203,1
5490,0
5249,3
3641,1
12112,0
10591,1
12128,5
3444,7
14900,0
5368,3
7869,3
4801,1
5058,4
3150,8
9234,9
11685,1
11784,0
368,2
7394,7
8875,3
2168,5
12650,8
1245,7
9888,6
13555,3
12823,5
4189,5
3456,1
6730,1
6665,6
8313,1
2030,2
5443,6
12461,0
6393,7
5938,2
11938,2
5695,3
4318,1
8835,9
4573,8
5265,7
9064,5
11081,7
3403,0
5171,8
7604,8
9516,0
7995,9
1816,5
10128,7
11853,9
5445,2
1415,9
2562,0
2966,1
10495,1
13071,0
14879,1
14341,0
4110,3
4122,0
10819,1
4947,5
11535,5
6223,6
14178,4
273,6
5132,2
494,0
7361,8
7009,3
13227,9
5363,6
10922,0
12421,2
8033,0
9813,8
14739,5
1525,4
8207,0
4411,2
2497,8
10685,5
12477,6
7308,7
13497,4
9137,2
1918,8
11493,6
9350,3
4878,4
10471,2
1660,3
9452,1
13016,0
114,6
7881,8
10708,0
9549,0
3772,4
13002,6
13331,3
11027,3
10981,1
5885,9
439,0
1686,9
12769,1
8318,5
3788,7
14625,4
9004,9
7933,2
12804,9
28,6
4129,5
2622,2
9407,8
9263,2
13466,2
10777,7
4516,1
8769,9
14762,1
11879,3
3822,8
14654,1
11626,2
700,1
3330,5
14619,6
13346,7
73,0
1519,7
945,7
3095,8
11164,0
13233,8
4898,5
3562,5
10966,3
14015,7
2084,9
90,3
12726,7
4783,7
4036,1
4056,1
12140,4
5627,5
3238,7
5208,4
801,3
8193,8
8307,1
12439,9
8133,7
8405,3
1796,8
11779,0
2422,9
9787,7
14230,3
2158,9
13664,3
7802,3
9661,0
13521,4
13578,2
7517,9
7725,2
14553,4
11795,6
1300,4
10730,7
10287,7
4033,5
7110,8
11112,0
11070,7
9057,5
6421,7
1259,8
554,2
8534,6
14529,5
9142,0
9474,0
13247,4
4999,2
8409,6
6679,4
7037,1
9921,4
6160,0
1310,0
12758,1
8119,7
5785,6
3671,3
11929,8
318,1
10627,9
8622,5
12846,1
411,5
14440,8
2713,0
7831,2
12480,2
5577,1
13078,0
2757,4
2626,0
6471,3
1848,0
1950,4
4377,4
2679,1
11568,7
14636,0
4849,0
5737,1
871,8
11681,6
5075,8
2330,5
1347,8
5469,6
2593,3
5911,2
68,7
10238,4
6748,6
7122,7
689,8
5084,7
521,3
3585,5
13766,0
10840,6
581,5
14462,8
1611,1
5833,6
2555,8
14575,8
7625,3
7198,8
2079,1
12048,5
11092,0
14325,1
4207,5
14679,4
3319,0
5928,1
8140,3
9000,1
9766,2
12216,0
6042,1
8830,1
11767,3
5977,1
6238,8
14269,7
9552,8
3143,9
13523,0
6612,6
276,7
11113,6
10389,8
4021,2
4550,9
226,3
11613,9
7033,8
12197,3
12695,0
13373,4
10370,8
14336,1
391,8
190,6
13436,5
9978,6
14318,3
7659,6
1237,1
2137,2
14919,4
6560,5
14319,6
9227,8
8270,9
13236,1
7832,2
12044,0
1024,4
11620,7
11639,4
11290,0
8175,5
11211,2
2653,5
14669,1
14534,2
7689,8
9276,1
1797,7
6774,6
7959,2
1829,1
9756,5
2709,8
11847,6
5484,5
5050,8
14631,1
4127,8
1741,2
12741,4
9098,0
2245,0
709,8
14661,1
9564,9
18,7
1455,7
14238,9
13471,6
1650,0
9119,7
14277,5
1355,0
13694,8
9956,7
7864,0
3393,7
12413,0
5389,4
7111,1
112,4
5709,9
4420,0
8131,4
1173,6
8348,1
9728,7
6450,6
1449,7
10377,3
12231,0
6172,5
3160,0
11166,9
14802,0
4180,9
879,3
6150,2
10243,2
11616,8
3556,3
8538,6
475,3
3190,1
13273,4
372,8
9402,7
3256,6
11151,5
8179,6
2799,6
8323,4
8325,4
12209,2
14284,3
9089,5
6359,4
12414,4
14382,5
5985,2
10826,1
2439,4
12508,5
14081,9
5560,8
4989,2
793,7
9291,0
14237,7
3452,6
4570,2
6479,9
9335,4
6177,5
10774,0
14680,7
3006,9
3831,6
9470,5
12348,1
7756,7
7952,8
5402,8
12043,4
9610,2
8536,8
1572,5
14623,8
4640,9
12106,7
7536,0
7973,3
7095,7
4395,4
13237,0
8350,2
4502,4
11894,1
14963,2
1991,9
11771,7
534,1
4776,8
12783,7
7762,6
7850,6
9873,9
716,8
9883,8
7744,4
13873,5
3461,3
7857,5
7128,2
8087,4
2423,5
9733,5
5040,0
12495,2
907,8
8676,1
739,9
7726,1
1772,9
4017,3
11461,9
546,7
12659,6
6710,1
994,3
244,5
3187,5
13217,6
13479,6
10883,2
12757,0
4835,6
6195,0
1826,5
10156,5
8703,3
12393,8
13500,6
1544,4
8909,4
13446,0
1510,1
7153,1
10797,9
4045,7
11753,2
5563,9
10958,5
4089,9
2110,1
6380,2
7534,9
3267,1
12633,0
12083,4
10959,2
12657,0
6932,3
3676,8
12880,0
10595,9
5579,4
5165,8
2419,0
14765,7
5912,4
11362,4
12886,3
11265,5
6675,9
77,1
7652,7
11025,7
3543,8
2590,7
1086,3
2172,9
3217,3
6530,7
5923,6
8408,4
14199,5
2656,0
8197,7
7906,6
2,6
11283,8
6071,9
362,1
11545,2
8189,4
10423,0
4625,3
12160,3
6187,2
8327,8
14381,7
8724,8
530,6
734,9
7456,6
2979,8
1369,2
3505,5
13996,6
4827,9
8395,0
13881,0
1313,9
10909,6
3066,0
14402,9
11209,6
1447,1
11862,0
6342,6
5288,2
8072,0
10174,0
13162,2
11760,1
4357,4
9537,7
2098,3
8202,3
6778,4
410,9
6264,3
11686,2
12716,6
4232,4
6343,3
253,2
10983,7
1905,6
4892,1
12420,3
10110,1
7768,8
4588,7
9390,2
929,5
7896,6
9365,9
8054,7
3605,1
698,2
10459,9
7046,5
13957,8
14740,9
596,3
9960,0
11994,6
4419,2
1402,9
460,7
14727,0
2219,5
3004,4
10783,3
1833,6
2514,1
5491,4
11806,2
10127,1
172,9
10076,6
9391,5
697,6
2132,8
4927,0
12736,3
11306,9
4859,6
6807,1
11835,1
9585,6
2251,1
6056,7
6857,4
5395,0
1322,8
8535,1
4057,2
5652,1
6486,8
3521,1
8555,5
6656,9
3596,0
4266,0
1565,2
14709,1
4330,3
5624,4
10850,7
1993,1
12198,8
728,9
6755,6
8814,2
10628,5
11272,3
1920,0
4654,9
13052,3
13368,7
11695,3
1989,1
6307,3
13891,8
11990,7
10056,0
8338,4
8282,8
10682,9
14586,1
14823,5
9979,3
4471,3
14100,3
14522,5
6897,2
7458,8
9343,0
10446,7
4638,9
1161,3
6667,2
12523,8
11743,9
10234,0
694,1
6119,7
4891,5
2699,9
13741,0
5277,1
11040,4
13958,3
9473,8
13575,5
968,6
8565,0
11062,6
6230,1
5359,7
3893,2
1702,1
7096,0
5470,6
9293,4
9308,6
10807,0
11877,6
11688,7
14548,7
10157,4
6653,3
9509,7
2227,6
5659,4
213,4
4133,8
3327,0
12089,3
13527,9
14696,0
3536,5
1304,1
9199,0
9954,5
7676,9
11644,7
10229,5
11851,3
7984,0
8231,8
12448,4
5809,7
1298,6
1394,6
10019,9
5607,8
5547,3
13929,5
11016,9
4576,1
12482,0
3231,4
14007,2
4896,6
9987,3
10735,2
11807,9
6314,8
12290,0
8758,3
14502,4
13422,7
14463,9
11727,5
3408,9
1902,0
10077,7
5906,0
13379,9
8590,8
1097,9
10887,1
4412,7
14446,1
9379,3
12270,7
9975,1
4888,2
4075,1
674,9
10849,5
13636,7
978,7
7812,0
4726,4
8104,2
14562,8
4882,1
10281,4
5539,5
2156,2
8525,4
5676,3
6966,3
9668,4
9930,3
14652,5
11481,0
1267,4
13951,4
4874,3
3074,9
1535,8
2414,4
5699,4
10837,6
6520,1
9675,6
13702,7
9822,4
14996,9
3037,7
11617,7
5589,5
4647,5
12884,1
6240,4
6392,9
483,7
1913,0
352,0
1277,6
10899,5
152,3
5193,7
5407,0
2019,9
11351,0
6482,3
1585,4
4727,1
8383,8
12032,5
14465,7
7494,7
553,5
11562,9
11061,1
14708,9
7674,3
14665,1
2299,0
2952,8
14817,5
3481,2
1056,5
5355,4
9144,8
1077,6
11811,5
1785,2
11194,3
9771,4
2918,6
2752,0
1720,8
13152,0
5236,1
2642,4
1512,8
1839,2
50,6
11355,3
7759,1
7311,5
4831,2
3209,3
8657,5
2380,0
6576,5
4706,4
10965,5
3784,2
6033,5
5224,0
4417,0
4513,5
11949,2
326,0
1924,9
2542,7
1045,0
13305,4
921,5
7735,3
1368,6
12287,4
1562,6
4569,7
13589,2
5161,8
1020,9
6478,8
12891,8
11293,2
7557,9
4775,7
11492,6
3075,4
14760,7
5101,5
10877,5
2089,5
6089,8
6169,2
4402,1
5274,3
5908,0
8007,9
2796,2
7920,5
14224,6
13389,0
2328,3
6718,0
2468,4
12887,2
14882,3
13917,5
2352,3
9344,4
1217,7
4,4
5346,3
8952,0
13572,0
1374,1
11240,3
1409,0
6788,4
8846,1
4744,5
14736,3
2761,1
11965,1
4890,5
4575,2
14690,8
12558,2
5026,0
11856,7
4290,6
2890,9
2785,2
8854,1
9100,8
6553,3
10791,9
3999,4
10570,2
4086,7
1595,2
8023,5
7666,9
8554,3
6299,7
4046,3
4893,9
665,6
370,5
12536,2
12088,5
12528,0
9146,6
1040,7
7447,7
3576,0
7722,6
10929,0
1397,7
5826,5
4049,2
12195,6
2945,8
8518,7
10017,2
1803,1
11782,1
5616,9
8932,9
10825,7
4572,1
9959,5
14746,8
13988,8
5199,0
844,0
8145,7
11082,4
11699,7
9961,5
5686,0
13318,5
4260,5
7763,1
6466,3
12543,4
8815,8
9935,0
11266,2
2481,2
2837,1
8165,2
9819,3
10533,1
11114,7
4610,5
13642,8
5166,1
3713,4
11494,9
1088,7
14543,9
11193,3
13141,8
6121,3
2672,7
5681,1
4255,5
133,8
8775,0
5497,3
8073,0
9458,1
633,9
7162,3
9703,3
9716,2
7958,9
6475,6
6782,0
6031,4
14567,9
5011,9
4128,5
7963,5
13069,2
2588,6
12637,5
4912,7
1649,1
9313,6
14104,4
5467,1
10535,2
9928,3
10008,7
4494,3
9050,3
6655,4
711,7
9104,5
3047,7
3314,5
13195,0
6562,9
2305,5
10608,5
1645,5
5862,1
6676,9
13062,1
8385,1
8874,8
14231,2
1183,8
8998,4
6544,4
3875,3
7629,5
4974,4
12585,0
1987,5
14907,7
6646,1
4693,1
911,4
11666,5
5496,8
11723,7
5074,5
4522,9
5482,9
8524,0
4765,3
6002,0
5972,5
11047,4
5094,2
13286,3
13111,3
7178,0
8732,8
826,6
13655,8
7025,8
13667,1
12547,4
1614,0
3406,6
837,7
3002,0
13612,8
4793,1
6389,6
6988,6
1881,1
12347,4
1667,3
6935,7
11962,9
7732,2
14901,3
10247,6
11380,3
993,0
10083,6
6407,2
4929,6
13396,5
3467,9
2897,4
8495,7
13965,1
4024,5
12379,4
1740,3
12764,8
9364,5
1110,8
11515,4
14688,0
1227,3
14820,8
7204,8
3224,6
5968,7
1207,5
9157,6
4209,6
12453,8
9232,8
6101,1
10078,8
1284,1
4514,5
1287,2
8452,0
3659,2
11127,5
14977,0
11603,6
8363,9
894,3
2302,6
4149,0
9698,2
3922,2
1099,8
3236,3
14952,3
13938,3
13807,5
6766,2
7135,2
14915,3
7449,5
10593,2
8871,8
13090,6
13528,9
1451,6
14243,2
2556,4
13745,7
10586,2
10044,2
4135,1
9887,1
5150,8
14133,7
4958,1
7550,0
8232,1
5380,2
6236,4
2759,7
8859,6
10728,2
10515,5
10903,6
11863,8
777,8
2969,2
11855,9
11919,2
6183,0
7880,8
900,1
7257,1
1954,2
9886,1
14574,4
12185,4
5769,8
6707,2
6395,1
3195,0
199,7
3823,2
533,9
6694,9
3385,5
4355,8
3372,2
5575,6
4363,3
940,5
10813,2
10369,9
4158,5
14289,6
2052,6
13737,6
8671,3
12656,6
7039,5
11559,1
589,4
5164,1
4018,6
13982,8
11981,6
13469,7
6197,1
14083,0
12766,5
6767,4
8162,5
12176,4
13137,4
11638,3
12555,1
14117,9
8077,3
8089,9
3213,9
12470,3
14305,3
5252,9
6701,1
1628,6
6433,9
8603,8
6904,8
14902,6
8431,7
9174,2
10057,0
7686,3
4384,5
14137,5
12751,0
13928,5
9143,1
12735,2
3203,3
2259,5
10562,7
10219,8
5980,3
14626,6
12101,2
7058,4
3908,6
8969,3
11453,4
13392,6
6198,2
10950,0
6261,3
1491,9
8321,6
4865,3
6272,7
10116,2
3609,5
2804,3
8117,6
3758,6
10338,1
12079,8
5342,1
1446,5
4551,2
1764,5
11574,5
8831,5
10752,7
825,7
8884,8
13652,7
976,8
10364,0
5789,1
13084,4
1209,6
11441,4
5017,9
9705,8
14875,9
1633,8
4534,1
11987,6
10509,4
1853,4
2122,8
6219,4
14377,1
13676,6
6638,2
13474,0
8161,4
3053,6
12768,5
10069,4
14504,7
1250,7
6715,1
6417,1
1583,3
1886,1
6335,3
8346,1
6934,5
306,3
2088,4
8481,9
6597,8
3317,1
8461,5
9231,7
11237,2
946,2
5739,8
8388,5
12074,5
13223,0
3288,6
502,0
13424,0
7637,3
12998,7
12746,5
14544,1
10400,0
4278,5
6925,5
111,6
3411,8
9021,9
2233,9
12597,4
6615,1
9889,6
205,8
1556,8
6130,6
12460,3
14903,6
14332,8
9520,3
7137,9
9311,9
1220,8
6026,5
5228,8
9744,4
11376,0
4112,2
14801,1
14398,0
10299,1
4090,1
13922,8
8441,3
11706,0
9412,1
5704,2
2956,0
7016,6
1926,5
1477,8
4964,8
2754,9
9322,1
2594,6
4526,7
9938,4
8569,8
13839,6
12882,3
4349,8
10692,1
14484,1
7072,7
2687,8
11876,0
12671,8
853,7
1551,0
11147,2
7939,5
5465,4
1505,4
2179,7
12028,4
9367,2
9530,9
3120,1
4472,4
10013,1
8915,5
5525,9
10087,7
7331,8
6256,7
10148,7
7327,5
7414,1
3402,4
10079,6
854,6
13483,3
1061,5
4220,5
9968,8
5091,4
1407,5
6009,5
4236,5
14876,9
6065,6
3649,4
26,8
9112,2
884,9
1431,8
10406,4
11908,2
11220,9
8159,7
3966,0
4322,2
8261,4
3971,9
9617,0
11010,1
8411,7
11459,8
2223,1
291,6
6414,0
10598,3
11115,2
2370,2
5620,0
12643,7
8674,4
2438,4
4736,5
13796,7
4250,4
6374,0
5648,8
4916,3
13301,9
496,8
2086,5
8839,8
14050,9
821,8
14387,3
14028,9
10971,3
12513,5
5051,8
8921,3
12796,0
10368,2
10074,1
1296,5
6503,5
805,6
957,7
8457,9
7379,4
4098,4
1067,2
13414,7
11589,6
774,9
3964,1
9297,9
4909,4
4545,3
6217,9
4394,0
57,0
6831,9
8984,0
12434,2
5110,4
1807,2
1047,0
11815,9
4743,6
5064,6
14912,9
4397,0
1178,9
4146,4
13541,6
3067,6
3148,2
9726,9
7623,5
2720,3
12063,0
3647,6
2885,4
14754,3
8056,5
206,2
3036,5
6103,0
13467,6
12954,2
12961,7
6154,3
14932,4
13006,9
1819,8
1263,7
13284,2
902,9
5582,3
11358,6
10891,5
1845,0
9384,9
5218,1
5041,0
8312,9
2549,7
5125,7
5261,8
11212,6
13980,0
12753,3
11386,6
9620,2
786,5
8521,1
6113,9
7132,3
14171,8
9636,2
13327,8
12202,6
1543,6
254,5
2209,3
3632,7
408,2
9375,0
7567,9
12588,5
14542,6
5464,2
461,1
14837,1
10226,2
7743,2
7441,1
4368,6
6961,6
2147,6
2833,0
2726,9
8368,2
1430,3
2675,5
1387,5
737,9
9295,8
7757,0
14658,9
12913,9
14477,2
13729,8
6370,3
9769,2
14733,4
13885,7
12307,5
3763,0
4200,8
6558,9
14700,4
6884,6
165,3
13887,2
14392,4
899,9
12418,7
7299,1
5133,4
13548,2
7879,0
3281,4
12653,1
1769,2
400,0
5751,2
194,2
13579,5
4261,4
8954,7
1840,9
13674,5
6965,6
13634,8
13651,6
9910,4
13819,2
8417,7
14513,2
12879,8
8692,3
1610,2
8354,2
9687,9
2540,0
14026,9
13207,6
11192,5
12361,6
8947,6
4728,4
12013,8
10793,0
156,1
3301,3
14910,3
9974,5
5033,6
1275,7
5649,7
4219,0
12268,7
3949,4
4027,6
14093,4
10093,9
5312,5
10618,5
10233,6
882,3
8812,2
8889,9
13046,6
2747,9
12388,4
3997,3
5104,5
9681,2
1371,5
6234,8
13746,7
8743,0
4039,9
8026,5
3700,9
8759,2
4231,1
2124,5
6270,4
7979,8
8904,7
6685,2
6624,4
2204,3
8042,0
2336,2
3580,1
8925,7
6148,1
12947,1
247,5
9997,5
8843,4
1393,0
2436,8
13853,6
375,8
5528,6
4980,2
13037,5
13200,4
2206,4
5362,0
4902,3
5489,1
11619,1
8755,1
322,4
6990,3
11318,4
13747,5
1684,0
14718,9
8567,3
4668,3
14115,0
6346,6
9964,9
2511,1
7603,2
3133,3
10432,7
10914,5
6105,2
663,4
6326,7
942,1
2428,9
7964,5
14310,9
12099,5
10786,1
2715,3
13920,0
7657,5
6509,5
248,1
2189,5
4794,2
715,5
11063,0
2234,8
8092,3
1444,0
13748,2
1305,9
1156,8
5535,8
10244,9
3175,4
3637,8
11977,0
7673,0
2325,7
3979,6
14275,1
5550,2
5820,9
9581,6
4224,5
13255,4
10213,1
1489,5
11096,7
14494,5
14455,2
699,9
6331,1
8086,2
627,3
866,3
9837,2
14922,9
4475,3
1822,3
5019,9
3950,7
2315,6
883,8
3198,1
8852,3
13630,6
8667,8
6483,3
7228,6
3998,5
7330,0
14362,1
14751,3
9587,1
2724,8
12277,6
6093,4
14597,9
12789,0
5063,0
4802,7
7351,4
6252,2
6267,6
3061,2
2624,8
12051,0
13735,9
155,8
6724,9
4841,4
2363,1
212,3
7813,3
10183,8
10528,0
12654,4
9,2
3097,9
4895,0
7062,0
714,4
12901,0
14280,9
1133,5
5205,5
3417,2
809,6
12102,6
7446,2
13833,3
1800,5
6315,8
11423,3
8024,6
13458,1
3759,5
12016,2
6834,9
4979,4
14864,9
4169,6
13506,9
9022,9
3623,3
7866,8
13049,7
9503,1
2910,6
13115,0
10320,1
3369,9
14644,0
313,6
1749,2
11225,0
1323,3
384,0
12942,6
14114,6
11781,4
5571,6
5244,7
8917,2
12433,5
3205,5
6260,3
3139,0
13203,2
5887,2
2171,5
3652,2
13570,5
1214,2
12935,4
14885,8
7573,4
13475,6
13175,7
10407,6
10878,2
8230,6
3604,6
2828,6
4480,3
10124,9
14538,3
9049,3
10619,1
11137,9
3533,8
6585,3
6391,9
5901,8
3628,1
1098,6
336,1
6649,9
9324,7
3169,6
6061,6
5746,6
5206,3
12002,2
12232,2
10385,6
9976,1
5715,9
7448,5
3257,7
4147,2
12699,2
9794,7
1830,2
10698,0
1114,1
5237,2
8723,3
1236,0
11587,0
14273,1
1921,6
9842,7
6786,3
12511,9
10576,9
4242,1
8443,5
11985,6
14390,4
5567,2
10539,5
5591,8
10630,2
640,2
14778,8
9209,1
10469,0
1063,8
14368,2
2638,1
9845,1
5770,0
4605,3
2815,6
5722,2
14508,5
8986,8
9679,5
701,7
4105,3
11625,2
12343,6
1453,8
14027,5
6075,8
9389,7
7921,9
4432,2
3963,8
12958,9
4806,0
4280,8
2489,1
2843,4
6186,8
13606,8
1753,9
6848,6
4070,8
12631,3
10014,9
10091,0
14356,8
3309,4
5812,6
177,3
12711,7
286,8
10310,1
2159,9
1327,4
2432,9
2579,3
6476,9
2933,5
4718,9
2346,3
6278,3
13428,5
11121,6
8472,9
5255,7
8059,3
3987,7
7510,7
11941,6
2049,0
11849,1
6184,8
10433,6
641,8
11089,8
14491,4
6764,6
5817,2
7354,8
10641,9
2263,6
11836,8
5559,2
14437,8
4627,5
4177,1
13810,0
2135,6
7453,2
12037,6
12505,5
9420,6
13040,2
3151,2
12955,1
11745,3
9506,7
12098,7
11486,0
759,3
5844,0
7444,7
2871,8
7181,5
746,3
2200,9
7415,9
4976,0
14,2
4556,7
7711,9
8216,6
5471,2
8342,8
14233,1
10418,4
12883,2
10454,3
4192,1
8728,1
6304,3
11257,0
14158,7
9713,8
8661,9
10501,3
9477,5
9678,6
4268,0
8069,7
6354,8
2512,0
231,2
8810,6
6277,0
767,1
9333,4
1036,7
13101,5
6481,3
2440,6
10012,0
7992,9
13108,5
5774,9
6800,9
12282,7
12053,6
11480,5
12683,0
71,0
1357,0
120,5
2062,4
5640,9
2733,5
1646,8
3360,2
14282,0
1087,9
6398,3
10907,9
14897,7
7244,7
3345,5
3549,5
355,9
11052,0
1185,3
1190,6
5245,6
2155,6
10100,5
3749,2
13178,5
10303,7
11765,5
6501,7
8292,4
5360,0
393,1
862,9
9983,4
13519,4
1111,6
2628,7
7696,2
8296,2
5851,1
7353,1
3835,0
8886,0
4732,0
7558,7
7221,8
1027,1
9320,8
5232,1
13044,9
11702,1
14799,3
7207,5
8776,3
6945,8
549,7
14770,5
13136,3
8540,8
4482,6
7044,7
12155,3
12237,9
9706,7
5749,7
12595,9
2445,0
14121,5
5613,3
9936,4
12662,0
2488,0
11250,8
4072,8
4367,1
2834,2
2655,6
12419,8
11126,0
6439,7
13432,6
5486,1
1557,0
118,2
9362,2
1058,2
6357,4
5086,2
5606,2
14467,2
11655,5
13882,7
12725,6
8185,3
4678,9
12058,0
10892,6
956,2
10258,7
11525,5
2314,3
6432,0
13035,4
4047,7
5430,8
14514,9
12154,6
8640,2
14607,7
4768,2
367,9
14500,2
9781,1
984,2
5007,5
11913,7
9035,8
2792,7
12301,8
10402,6
3836,6
5946,7
10662,8
4505,5
13520,0
10652,8
11710,4
9075,5
5646,0
6749,1
4285,4
5741,2
280,0
8725,5
6862,3
1637,7
6921,1
5907,7
14252,6
6604,7
6345,6
12235,6
7220,0
3415,6
1607,3
11895,1
650,2
13398,2
7520,7
7093,9
10122,4
5570,4
1574,8
5076,7
11187,1
14194,2
7,6
3063,8
4426,2
14842,4
8614,5
11179,8
3172,3
4237,7
7426,5
9167,3
8577,7
6109,1
7586,6
4670,7
3181,3
2073,6
2631,3
1367,5
13489,2
2099,1
524,8
7642,7
139,6
2289,1
7730,3
5417,0
6104,4
10753,4
11431,8
10063,1
12342,6
14227,0
2719,2
10344,2
9809,7
5059,7
12609,6
7363,9
5078,7
13764,7
2123,6
5510,2
9798,4
4798,7
5507,5
2441,0
11843,9
6931,3
7653,7
8857,2
6455,7
10690,3
14150,8
9475,5
10761,1
7954,1
6958,7
2072,4
9307,2
3608,6
11956,4
11143,0
8596,6
6171,5
9584,7
6311,8
3508,7
1691,8
9448,2
11673,6
421,6
4080,7
5843,2
9126,6
566,0
14025,6
10768,2
9746,0
2401,9
9312,3
11839,9
10143,7
7774,4
856,8
10376,4
14146,8
12377,0
10035,1
1396,6
3482,9
9469,4
6523,0
2287,1
12752,3
13381,3
13961,5
2809,3
4265,0
2654,5
729,2
9750,0
10304,5
20,2
10494,3
11506,5
8258,7
11910,3
10603,9
13683,4
10747,1
8673,3
11531,0
14766,1
13726,7
9772,9
11288,1
7006,6
13770,6
7107,6
2493,9
10767,8
1527,9
11547,6
8273,1
10323,5
4866,2
14549,7
8908,1
12710,5
8428,8
6587,4
12576,7
14547,4
3602,7
10969,0
385,7
12447,0
5834,1
5664,9
4809,7
13212,7
609,0
11594,3
10538,2
1272,8
2180,5
11984,1
12177,2
11539,4
6376,5
5254,9
8816,9
10854,2
4456,3
2965,4
13017,7
13892,9
10511,4
13487,7
8046,2
4512,1
11057,4
1951,3
3935,6
12382,4
1865,8
4724,0
8633,6
1939,6
14197,8
11107,8
7091,8
9607,1
10449,1
10428,6
5451,1
2192,2
6327,0
2988,0
3458,1
1891,8
2813,7
7772,4
9411,6
10240,4
5879,5
2454,6
7404,0
11687,4
12351,5
6271,4
2418,0
10520,2
14860,2
9767,2
12300,7
8111,6
10918,7
3275,7
12219,8
3474,2
8722,0
4799,9
1334,0
12668,2
4823,2
9522,3
6852,1
712,4
4486,7
7710,2
1179,9
6340,4
13039,3
13960,6
3065,4
6858,8
6547,8
1711,6
1165,3
3431,1
1264,9
12085,8
3900,5
10403,8
2838,4
5562,4
6373,4
13755,7
5335,0
9345,3
9847,6
9743,4
5009,9
11521,4
7439,8
895,5
13307,8
13440,8
13316,9
3589,8
7250,7
11742,3
12254,6
6535,9
8838,5
13717,5
13692,1
5223,4
38,0
4204,2
2105,5
9019,7
5712,6
12468,7
1973,5
2484,6
14316,5
6642,2
8792,2
9284,8
1944,9
7626,3
6097,2
5744,0
5581,0
10855,4
9588,1
12408,6
9046,7
2636,4
2297,5
3003,0
2563,8
8634,6
12366,9
7680,7
11609,6
12507,5
5030,8
1874,7
14371,1
11524,6
12175,0
3019,4
708,8
10092,4
10517,5
10039,8
1532,3
1901,4
3978,6
2898,8
1634,9
6099,4
7028,3
1170,3
4380,0
12357,2
2028,1
12763,0
10803,0
730,3
7891,9
7950,2
4994,2
5377,9
11544,7
8960,3
5881,1
3753,0
12818,8
10357,0
13994,0
12898,6
5554,0
56,1
6127,1
6211,5
9243,8
5726,7
995,6
4073,9
4607,0
1666,3
2366,0
8250,2
9608,4
8486,2
11176,4
12640,6
5986,9
5543,2
5151,6
1285,0
13880,8
8136,0
13616,1
1292,5
6428,1
1124,5
14140,3
13798,2
14400,3
2175,4
7700,5
13454,2
3600,1
153,4
1380,3
3211,7
6920,4
9739,3
13092,6
5013,0
8934,5
5038,9
8326,3
6817,9
4178,1
6506,8
6740,5
4731,3
7045,3
8940,5
9013,3
8377,1
1320,5
7421,2
9860,2
3429,9
12816,4
11495,6
5877,5
344,4
6132,5
13275,0
2008,0
12680,5
4562,3
9039,4
11396,2
654,5
7559,6
6994,7
13378,1
1416,8
8941,2
5111,6
7113,3
13104,7
6079,6
5896,9
8828,6
13132,1
2944,9
9868,4
2252,4
1119,1
10172,8
3876,8
3747,3
11734,7
4038,0
5020,0
14087,2
12114,9
4253,3
10329,8
13865,0
13720,1
4226,7
4059,7
11348,7
11398,1
13955,1
10225,7
2959,6
1880,7
141,6
2018,1
12720,7
11205,6
1239,2
6041,6
6725,1
3054,2
6235,9
12086,2
13283,7
1542,0
9816,8
3754,1
11614,8
258,9
1533,1
13956,6
923,0
1685,3
1909,6
575,4
2518,6
12331,6
11772,2
582,4
11476,2
4354,5
9358,4
2887,4
970,2
1933,8
10658,5
7238,9
3551,6
9915,7
4196,5
7465,4
5184,0
4114,4
4961,8
10681,6
14788,5
7203,9
13832,7
14182,4
3742,0
7306,2
307,1
6323,5
14826,2
183,3
4171,0
7617,3
11766,6
14589,7
14274,5
13246,3
8964,4
1859,4
8138,6
8143,6
13502,0
1052,7
3009,4
4535,7
9246,5
4737,6
1808,1
6696,8
10037,1
3334,7
8999,2
6069,3
2597,9
9193,1
6378,5
14288,4
13872,8
8719,3
14374,5
7289,7
2766,2
960,8
12330,7
12115,0
8339,4
5710,6
10094,8
13249,4
1776,2
14198,6
8866,6
6546,0
7021,4
9742,0
11854,4
7817,6
1969,1
11230,1
7522,9
5259,1
8376,3
14985,1
11973,3
8542,2
13375,0
13668,7
5069,4
14414,3
6191,5
12299,3
10816,4
10636,9
9682,3
6017,0
14836,4
8219,4
9996,0
13352,9
121,2
8141,9
7808,2
169,5
12295,0
4283,7
6923,2
12260,0
10706,8
4389,3
9662,4
3035,5
13849,2
6048,4
4079,4
3137,6
6174,8
3386,5
5538,1
677,2
7032,3
1252,8
14430,5
14428,1
5702,1
7050,5
1721,8
14695,8
8578,6
14303,1
2080,8
13110,4
5533,4
10512,6
10500,0
1115,7
2056,4
10859,2
12666,0
6036,7
3310,4
5685,7
9826,2
9923,8
10772,4
13930,2
4921,2
7280,3
820,7
1439,0
7591,7
10095,0
3454,3
7443,0
7071,6
12860,0
3685,5
12246,2
5146,0
1573,3
7163,4
7435,4
7877,1
10450,6
1665,8
14805,1
771,4
13033,9
12111,4
1404,6
9724,9
12521,2
6268,3
3511,4
3069,5
14045,3
14222,0
9801,7
12556,7
5487,1
7180,6
6210,6
12761,8
12410,4
9237,9
6565,7
3227,2
8897,5
7543,9
1974,5
7628,0
11724,0
12862,9
5658,8
14090,3
11086,3
1847,9
7718,3
14033,0
10935,8
4099,7
11181,2
7285,1
2630,9
1466,4
2517,6
8471,3
10372,3
10976,6
2185,8
4111,1
8707,0
13153,2
14898,2
13921,0
10755,2
13388,2
8702,0
7211,3
13421,6
5926,7
10191,1
4370,2
10185,4
8975,7
13310,1
8972,1
4343,3
13513,7
1382,8
11935,9
5285,2
9283,4
2295,0
14871,9
2213,2
5735,8
10412,9
2069,5
12094,9
1484,4
6601,0
9877,3
1103,6
11131,1
6214,8
14129,3
1168,2
7745,6
8528,9
12494,2
3737,3
7509,9
4549,8
6916,2
3202,7
9901,8
6350,7
9709,3
116,3
1638,8
1520,8
10334,3
8116,8
12605,7
14022,2
12999,1
1877,9
10989,5
5283,1
3529,8
12045,6
14247,7
574,0
1503,9
13696,8
4341,9
6539,1
4889,5
9941,7
4477,6
3279,1
5758,2
770,4
3969,7
13391,3
7788,3
9783,8
10059,8
4828,4
5433,4
9676,7
6325,0
13055,8
1914,8
7158,1
671,0
12003,0
13915,6
13703,3
2704,5
9652,0
9068,5
7861,3
8102,9
8166,9
6588,9
4954,4
4151,3
11185,6
4584,8
2249,5
8610,9
11446,9
10666,1
1622,6
4116,1
7386,1
10737,1
9396,5
2379,9
12005,6
9648,2
173,2
8573,8
3844,6
7156,4
14209,4
8281,3
3795,6
6411,5
10632,9
13656,6
3268,1
14503,1
9714,2
4277,8
5039,6
885,6
1169,2
10644,4
6157,0
10073,6
10726,3
6254,1
5394,2
9482,3
11349,4
4977,2
14208,4
5682,8
5309,3
12443,8
3716,6
10536,5
6020,3
389,2
6190,8
6564,3
9207,3
164,7
5909,0
9589,4
2399,6
8961,2
8688,5
619,0
103,9
8559,1
12065,5
4735,7
9428,4
11719,5
14285,8
14622,5
12712,2
7461,1
7977,3
13270,6
3116,1
3320,7
9623,5
10668,4
298,1
924,2
6080,6
13968,9
11361,6
3940,3
6032,8
14540,1
7412,3
3661,3
10746,3
13038,9
6971,6
10924,1
3690,8
4359,0
2753,9
404,3
7497,3
4409,3
12341,7
1668,6
769,8
6783,3
3725,1
5330,4
10672,8
10781,2
5677,5
11872,3
10410,9
13171,9
4077,9
8286,7
9934,2
6914,6
13688,8
13686,9
1931,1
10190,8
14964,8
916,7
12147,7
5668,2
12040,0
10496,3
637,2
4382,7
2139,1
14351,5
13661,9
5871,8
9962,4
10623,3
13420,1
11421,4
2788,8
14120,3
5756,6
7970,6
10921,4
3509,5
12463,1
618,1
819,3
6534,2
5337,7
1690,0
11042,2
478,6
3941,6
6518,5
1854,7
4568,8
2092,9
10637,4
11886,0
3928,7
8370,9
5866,4
13406,3
9593,8
4825,6
14519,8
1299,3
3221,4
13296,8
4699,3
4487,8
12794,9
4658,1
11880,0
5370,7
2483,1
3,9
9982,6
7624,8
3122,7
14585,0
10090,3
4210,8
13785,9
8517,8
2922,1
495,2
9611,8
149,9
303,2
7785,5
6993,8
4444,1
12320,7
4185,6
2735,7
7268,9
1766,1
11595,6
12378,2
3102,9
13405,6
11786,9
11649,9
6248,4
215,0
14795,5
14640,6
2943,1
4729,1
8212,0
7838,8
12430,2
6654,6
9599,0
8095,8
3640,2
1555,5
974,1
9651,3
1187,5
848,9
8297,9
13193,4
284,2
423,7
5099,8
5894,6
2420,7
4789,0
5226,8
8772,8
4691,2
7302,4
11934,3
12854,4
9641,3
14521,6
12335,8
8462,0
972,1
4853,9
5861,8
10948,8
4078,4
8353,9
12881,9
12332,7
7569,4
13085,8
3566,7
6777,9
4167,6
13134,0
13659,6
4225,9
1846,2
12360,5
7365,1
10822,6
5580,0
13647,8
13417,2
10138,2
6382,6
4934,6
12118,4
12535,3
2228,2
2345,7
13822,8
9281,1
1964,2
2278,0
7253,8
10808,3
5837,8
6661,3
1932,1
14005,7
8787,6
5692,4
1249,4
12924,1
13371,2
4315,0
14997,6
1120,7
11382,2
10336,4
2725,1
1793,4
1460,1
11808,8
7297,6
12670,0
3119,4
11324,2
9341,5
6263,0
11633,7
3570,8
12212,4
2317,5
14604,7
9441,8
62,9
9214,3
5952,4
3619,9
12740,0
847,7
11186,4
3814,9
5689,9
2217,3
217,9
14281,9
2793,4
11676,1
11322,4
10725,5
5213,6
5372,3
10680,9
2150,8
7176,5
6216,8
7636,0
9443,0
3300,9
11434,4
5314,4
3395,7
13439,9
6404,1
8826,6
8907,9
840,2
8406,9
29,7
3996,3
4833,0
11499,5
6242,3
3723,7
5410,7
14891,1
10399,5
5329,7
4035,1
14454,6
7272,7
2671,8
7078,8
2456,9
4656,2
14327,0
6722,4
8236,1
7755,6
4720,3
9903,9
6308,1
9451,7
7470,9
12236,6
2306,8
5481,8
13064,9
11204,9
5155,3
12665,7
10352,5
6077,9
980,1
2238,6
3853,2
12459,1
4925,0
430,8
6016,3
4800,7
13874,6
13618,4
13299,7
1191,7
11296,1
12584,3
3226,4
8483,9
13568,5
1722,1
14807,7
7015,5
14312,7
4360,9
14167,2
12919,2
4598,7
8257,8
10710,6
10915,5
4163,5
8936,5
3706,2
9895,1
4965,2
10869,8
3034,4
2779,7
8465,5
8392,1
6348,4
3957,2
10165,9
4577,8
12274,7
6460,5
4677,9
13900,9
12626,2
13714,3
202,9
11555,7
10648,7
1265,0
6866,9
2811,4
12515,7
14753,9
14793,5
1916,1
2154,2
11383,5
1873,0
12406,7
3891,1
12475,5
11122,2
6358,1
9567,1
4436,4
14088,4
10173,1
11552,5
12492,9
2024,3
10817,8
11236,9
6525,2
5913,4
13687,4
2900,7
12466,0
2535,7
9498,0
4599,2
12721,0
13789,7
12269,2
182,8
10642,0
9695,8
5388,3
1995,6
9314,4
7436,9
9141,6
14786,1
14844,9
1475,6
6670,5
5832,6
6633,2
11328,7
2902,2
1811,7
6906,4
11845,3
1825,0
14053,6
1567,4
8418,3
8299,0
3024,1
321,4
2872,7
8371,1
10482,0
2612,5
10000,5
1549,4
5917,8
5603,9
11373,5
3799,0
7883,6
4636,5
4188,0
3391,1
3294,1
11645,9
10845,8
13463,5
9559,7
11509,1
13730,3
4830,0
11463,7
3493,9
782,8
2247,4
6590,0
4972,7
3539,2
10294,8
3193,8
2649,7
13933,7
4450,0
4764,2
3384,7
8842,4
11300,8
12627,7
10745,5
2931,8
3575,2
8309,4
7791,4
2940,2
10953,4
7106,2
11662,7
1600,4
1140,6
11079,2
9568,0
11931,6
4332,2
13937,1
180,7
6873,4
8213,0
1317,1
14819,8
1198,8
3820,7
7560,4
10361,0
388,2
5042,5
4182,2
1437,7
8279,4
5743,6
13950,9
13063,7
3977,9
7167,8
7641,4
14044,6
12062,1
10621,9
7407,3
2765,8
6427,6
6998,4
5799,0
446,1
12014,4
3106,7
9413,7
12090,3
9472,4
4911,4
9802,7
1626,8
9014,1
4082,7
10489,9
13065,5
5143,0
5880,9
964,8
7844,1
14689,0
9609,3
10339,2
8064,7
14685,7
4611,4
5126,9
11116,9
13058,9
4844,1
2846,1
6888,4
12253,4
4328,6
3514,9
12018,1
9909,7
2767,4
1656,9
2997,1
11161,8
2374,9
12615,5
12163,3
10949,9
12137,9
14722,6
12973,6
8263,6
11636,3
14301,5
8611,7
3341,6
2191,2
11682,5
8188,7
4970,6
7815,3
2505,3
474,2
2663,9
10075,6
508,1
6161,7
6878,5
7199,4
638,5
2186,3
6876,8
9095,4
8264,6
7258,1
13640,5
6570,1
2338,0
5721,7
10251,6
12855,5
305,8
1201,7
8172,0
3159,1
6176,1
4681,1
13000,3
1049,0
13344,0
2862,8
7014,6
1509,2
2329,7
5803,6
7760,0
14294,0
6762,3
9957,9
6687,9
11901,4
5974,6
5886,3
5392,1
12257,4
14628,3
10245,1
3531,5
7827,6
11650,8
5553,7
5742,4
4053,0
4157,8
3026,2
10120,7
7535,3
6422,5
6,1
9003,4
7318,9
10493,7
7007,8
6293,0
13790,0
2048,9
6779,2
3277,2
12218,6
10916,9
10253,7
4978,9
7561,5
5295,0
6898,3
2848,9
14147,6
7582,1
7702,7
1912,1
1069,8
6613,1
6022,3
487,6
1328,6
6008,4
8563,5
1166,4
12036,5
11533,1
2074,9
2908,8
10029,2
14348,7
6418,0
667,4
1495,1
1379,1
2605,2
14210,4
11612,1
9466,0
4973,6
3675,0
2235,4
683,4
3480,9
3845,0
11608,2
13545,0
8801,7
1459,1
9338,9
13034,8
12356,8
7528,0
1157,5
6106,5
4897,3
13418,7
8003,9
1223,9
703,6
4868,2
12672,8
2697,9
10394,8
12925,8
6672,2
7568,2
10189,5
14483,1
11579,8
3601,1
8148,7
4227,4
12252,4
678,8
6202,0
1762,2
4457,9
5561,5
53,8
4392,8
817,9
8442,8
14079,4
5657,7
3553,4
2281,9
14293,6
9348,6
12238,1
4787,5
4762,8
11313,4
648,9
3961,2
7492,2
4100,5
7525,2
10436,8
5446,8
14606,0
3825,0
12967,5
14046,4
5662,3
2280,0
842,5
13631,4
5728,7
2794,2
13372,6
13413,2
7924,9
14501,3
9973,3
7340,7
4208,1
5493,4
7731,0
5066,7
10954,5
8110,1
3029,7
6849,7
3846,1
9862,0
6266,5
5305,0
14183,1
896,3
5269,5
6816,0
8740,7
6702,7
7949,1
749,2
7922,7
11183,7
14314,6
4256,5
7000,6
10997,3
14716,2
6815,4
14476,8
14551,0
6507,8
3163,0
3367,5
7776,6
12872,6
11715,6
3030,9
14175,3
10718,1
3917,1
3485,4
1812,0
8726,1
4589,0
10154,4
11868,3
1756,1
11202,2
11263,5
6995,0
13182,4
2859,5
11754,1
5981,3
4194,7
6593,6
11802,9
10280,8
947,1
12850,0
12284,6
7387,3
12715,8
11858,7
11146,0
11227,3
4324,4
11138,2
8756,8
8731,7
13031,9
6775,1
6504,2
551,4
5479,8
13279,4
14435,2
11297,0
2607,1
12692,8
2026,8
14578,1
86,7
7479,7
5517,2
12168,8
14791,1
14385,6
11556,0
1485,0
913,9
6333,4
2782,9
9970,8
7031,7
6982,5
1698,4
3673,5
11437,9
10497,3
5921,1
2882,1
10139,4
12220,4
1838,9
8027,7
10018,1
3583,8
11023,7
7957,6
13971,5
10271,6
3782,4
14124,6
9125,8
2136,7
458,7
6650,6
13087,6
9241,6
267,8
3252,5
6028,7
1235,1
3535,4
4722,0
5720,5
3447,2
4203,5
5089,4
2398,0
2262,9
7300,3
2078,4
14360,5
5856,4
3867,7
803,6
12959,3
1876,0
7108,0
9878,4
5107,7
2603,3
5077,1
6413,0
2750,5
9373,3
6918,0
2203,5
6962,0
10559,9
12896,9
11976,2
3154,1
7088,0
4975,4
7455,4
5984,7
4484,9
5750,8
965,2
125,6
14831,8
10683,7
4698,5
14190,8
14721,1
473,9
7335,9
14620,1
6814,1
6616,5
3335,4
3261,5
4772,8
2773,5
9659,7
6040,2
2244,0
623,7
13291,1
7392,4
9252,7
8020,4
6721,5
223,0
6739,8
8762,9
1028,5
11697,5
14811,7
14001,1
4410,5
5364,2
6292,7
5458,2
632,5
9058,2
1153,0
5210,2
7023,8
13130,2
2373,1
6763,1
1941,8
14159,9
13905,1
8616,6
3733,3
144,8
3714,4
9502,5
466,4
8739,4
13043,7
8413,4
5794,9
8267,3
6853,8
4796,0
5537,3
7994,5
13738,3
1978,3
6273,4
10210,2
1403,0
9732,8
5209,7
2385,0
10435,3
7698,3
5660,9
8877,8
219,4
3858,4
7287,1
11199,1
11966,0
2971,5
2412,3
5135,6
8560,8
5219,7
2669,1
12908,3
7531,1
13142,3
12731,5
14630,9
5888,9
12012,7
13829,8
7173,3
3856,2
14144,0
10481,1
8675,2
548,3
11648,9
9430,9
12952,8
14447,6
12743,6
3253,9
12856,1
13127,8
14304,6
11036,8
7265,4
11449,8
59,5
4413,1
681,5
13057,7
5696,2
13769,3
5578,7
1792,2
10054,7
7514,4
2937,3
7843,2
6941,0
14286,8
10635,1
9846,8
4761,4
4740,0
12222,1
1522,8
9881,1
8868,0
6758,3
4832,9
10335,3
7969,2
10028,0
552,7
3984,8
9991,8
7483,0
14617,4
10145,7
1079,2
13285,1
1590,7
5966,6
1319,6
4425,9
10146,6
49,6
2899,3
11134,4
9912,6
3546,6
11622,7
6621,1
5673,8
13997,9
1315,5
3449,8
14816,3
12082,0
7988,2
11402,0
13546,6
11974,6
7325,4
5331,5
11109,7
14112,7
4032,8
5140,9
6349,1
3353,0
1282,9
13591,2
5100,0
11038,8
7148,0
271,9
7782,7
4348,2
7402,5
3766,4
9740,5
925,6
11465,7
11430,0
10180,3
14427,6
617,5
11797,6
2893,0
3593,9
2676,3
3888,6
12067,3
11489,1
2801,3
12878,5
12215,2
14399,9
3693,4
14176,0
2127,4
6780,6
11085,7
963,7
7355,0
3127,7
51,1
7999,9
8905,7
8044,8
2507,4
13228,7
8981,9
12056,9
290,8
7179,0
8690,5
6691,2
13504,8
1104,8
12819,0
7419,0
10703,5
12158,2
615,8
6030,7
998,9
1728,0
2957,4
14406,5
6364,2
5227,5
12145,9
1716,5
12496,8
12519,6
8314,4
8912,8
11738,0
11320,8
339,3
5472,4
7941,0
9436,3
3951,2
6937,1
13213,3
1172,8
12624,7
8151,1
8025,0
4134,9
14492,8
12187,4
12603,2
9033,6
4527,1
6502,7
5281,2
3947,9
2425,0
8873,9
4506,1
4336,6
3582,8
9916,5
2291,7
4639,8
8372,8
12900,4
14967,3
2781,7
12441,7
5718,3
7171,3
10131,5
6828,0
763,0
5404,3
8163,0
6637,7
10689,1
6571,1
14557,8
7678,0
3945,4
6573,3
13382,7
3970,3
14179,7
14545,1
2581,0
8836,4
5637,1
11810,2
7089,0
7706,4
5406,4
3064,1
12049,5
1370,3
9381,8
14103,7
1528,4
6226,7
13544,9
8432,0
1538,6
2138,5
11391,3
14283,0
7996,7
11590,9
12865,7
563,1
5694,2
14270,7
5186,3
12634,7
14373,1
7175,9
2621,1
9476,9
3643,5
7893,0
6147,4
4442,2
4920,4
9382,7
2894,9
3282,7
9597,2
8881,8
7149,3
10864,6
4170,2
1547,2
9865,4
2063,1
10875,0
5024,4
14321,8
14068,7
14290,6
13709,0
2575,6
7309,3
9856,0
11733,8
13597,0
5130,0
4931,1
1775,5
539,2
7544,0
10488,2
4579,1
8800,8
788,3
13936,7
13573,5
12893,3
12278,6
11323,9
9264,2
3568,9
1516,2
7282,8
394,7
12534,1
11268,2
10590,2
13945,8
11820,9
7853,2
8196,8
11668,1
1224,2
6151,0
5596,2
13498,5
10305,5
5212,4
13288,0
523,3
6542,8
13243,3
350,6
13801,4
9015,7
10176,9
9773,0
4542,7
2160,8
876,8
4748,9
11906,1
5615,4
6986,7
4758,3
9656,5
4030,5
8990,3
776,6
452,8
8608,2
13308,7
10043,8
11464,8
11167,3
136,6
3340,5
242,1
14499,4
10379,0
10584,7
6531,6
5961,9
887,4
2970,5
3349,0
14856,3
11106,7
12864,5
14632,6
10290,0
8504,2
7193,2
6086,8
4528,7
11258,9
8735,2
13840,0
2683,7
10257,8
12226,5
4289,4
9081,6
14070,0
1162,7
10787,3
2303,5
2681,4
8071,5
543,2
10832,7
4418,0
12580,1
7188,1
14132,1
4684,6
8691,1
9285,9
7563,0
2393,6
9578,1
2365,3
6469,1
9433,8
6053,0
5841,4
755,2
12440,7
9551,1
4810,8
13944,0
5462,5
10163,4
2400,2
5190,9
2552,2
11770,4
8821,9
8096,9
4661,0
13329,3
9086,1
12104,4
1464,8
5301,9
8083,4
11472,0
5280,6
10775,7
10714,1
100,6
11721,3
12471,9
13620,8
13866,6
3042,7
13009,7
7343,7
8287,9
3526,6
14730,5
4201,2
7765,2
2225,9
5067,4
5492,3
12593,8
7310,5
13841,7
7484,6
9355,3
12685,7
10159,3
5883,1
8752,0
4190,2
14322,6
6193,7
13353,6
8419,2
8201,6
12803,0
11418,5
6948,8
3890,5
2165,8
12141,4
10356,0
6400,7
3287,1
2009,5
4104,3
373,5
8600,9
7965,9
9654,6
5480,5
5390,3
3684,8
11864,1
3918,8
10381,2
5835,7
11120,0
14913,8
11032,9
10607,2
10395,8
3176,7
9965,6
9265,4
3650,7
9693,0
1899,5
13970,2
282,6
9893,3
9360,4
10437,5
855,7
13779,8
13125,6
3315,6
1570,2
14988,7
10068,9
606,5
46,6
2807,0
2691,2
2449,4
2229,0
1990,1
1603,4
892,3
13993,0
13336,1
8895,4
7565,8
6909,4
9066,2
11871,0
7928,4
2466,0
2557,4
12027,3
10480,2
9229,3
8473,4
10656,7
7934,1
13201,2
7816,1
13534,0
12122,3
12224,6
7633,4
13757,7
904,3
281,4
14605,7
3170,4
639,1
9153,5
14787,6
7500,9
5745,4
3465,5
11353,5
2946,8
1199,8
2214,6
610,6
2999,8
11152,4
8184,2
9499,4
2600,8
13364,5
12386,4
519,3
1257,7
10566,0
3797,5
4358,2
8019,5
8840,7
11019,5
5508,8
1515,4
8841,4
11739,1
10691,2
12031,7
10937,1
8337,0
13842,5
6811,2
6726,6
6094,3
11960,3
6120,4
11671,1
7910,7
9429,9
6039,6
11573,0
5426,4
12838,0
10757,5
8818,7
13665,9
3862,4
535,7
11553,2
14899,1
13511,2
14896,4
3416,6
12229,6
7989,3
13542,5
13053,2
11780,7
863,0
768,7
13601,0
5071,1
2803,8
9488,2
11055,7
3443,9
5216,8
14975,9
1813,6
1587,6
6908,0
613,6
14590,3
7884,9
11425,4
4337,0
4216,2
6396,1
9510,0
13354,5
13013,2
8979,3
4676,2
1963,2
3607,9
5754,9
11468,9
4641,3
8808,3
8386,9
3774,2
13074,5
9828,1
1895,7
14634,4
11584,5
3669,5
1473,2
8519,0
9359,0
13355,1
13870,9
3513,0
1767,1
6363,4
9067,2
1983,5
7540,5
5635,6
11659,9
3655,7
6769,7
6651,3
7324,1
1747,5
8955,4
12748,6
12564,4
14119,2
6084,4
11153,3
3956,9
14353,4
4561,2
3246,4
688,0
10032,8
8919,5
13199,4
12941,3
15,4
11133,8
8394,9
5035,5
5505,5
12304,5
3433,9
6241,0
6387,2
14535,6
723,6
343,9
7172,2
6118,6
14000,8
6868,8
14804,8
3152,0
12859,9
6408,4
2609,8
11518,0
40,2
5643,6
12019,8
4630,9
4623,5
11823,5
8935,5
11251,0
4460,0
2243,9
85,2
11140,5
7705,0
9287,9
1222,7
4309,4
3400,0
2064,8
14394,1
10197,6
5798,4
2892,7
4211,4
2115,5
5141,0
10141,4
5328,2
2054,8
12325,3
7708,0
3297,4
1262,1
2416,4
11338,5
9836,3
14719,6
2415,1
3376,6
11674,5
6566,4
14497,7
13361,6
13023,9
7599,3
437,0
12308,6
9316,0
1618,6
4813,5
9484,4
11074,4
6648,8
7378,8
2354,2
7971,8
9018,5
4883,1
6607,4
10202,7
9751,5
8784,6
6689,9
14329,0
14031,5
4674,8
9796,0
2806,7
1925,9
1356,0
12684,5
4297,4
3857,4
7459,3
6126,0
9124,8
8571,4
10115,6
5504,3
179,8
958,7
9741,5
3717,9
3046,5
12375,2
12267,8
4618,6
13366,0
7822,7
11200,5
11635,5
3587,7
8068,4
8750,0
4275,8
1499,6
4092,5
11049,4
4385,2
10932,6
12962,4
14139,6
6840,5
12647,3
8645,2
13121,1
7165,9
14342,9
7635,2
11427,0
9755,1
14091,4
12394,3
1205,0
7590,2
11762,6
2218,9
11375,6
14588,7
12612,3
13584,4
3439,8
12821,4
2151,1
12541,3
13297,9
1883,7
9753,3
10261,6
1885,3
630,4
10222,3
5902,4
9831,5
8962,9
13963,7
14668,4
7117,7
12767,8
4615,7
1238,3
5449,8
14832,0
10330,9
12288,9
3806,9
479,3
11838,1
14292,2
453,9
3532,1
4284,3
9454,2
10207,5
14164,6
8380,9
5830,9
3677,0
11991,0
1780,3
1145,4
9485,1
3800,9
9056,1
3883,3
13847,7
710,8
14193,7
427,0
14935,6
12038,1
6249,8
5540,4
8721,7
14714,9
10990,6
14113,9
7997,5
9369,5
3634,1
5941,8
11262,0
9526,4
12292,3
13326,8
7256,8
13821,5
11757,6
2075,4
11789,0
10582,5
5586,3
2836,1
6491,5
11469,8
10317,8
4191,4
2589,6
380,6
5697,8
3879,2
2403,7
3934,2
13812,4
3923,6
11339,6
9664,6
13267,3
13678,4
8440,9
6474,9
7237,4
12836,8
743,5
2388,1
7515,3
10947,0
2495,5
602,3
4649,8
6860,7
10216,3
11932,7
7052,8
3398,3
7848,3
9598,5
13322,9
6322,5
11790,2
1682,5
12772,3
9215,5
67,8
2842,4
13778,0
14225,3
2011,4
4407,5
10930,5
11959,6
6319,7
9630,7
12968,3
2521,7
13276,6
9110,2
3284,5
8959,3
7790,9
3751,2
7200,8
5763,1
9577,4
11483,0
13522,5
9016,8
12798,9
2327,5
7130,2
12214,2
7499,4
841,0
3483,7
1957,0
12997,1
12233,1
2230,5
11219,5
4120,5
909,9
7502,9
2849,0
14769,9
5931,7
8991,9
10876,2
5271,9
7504,5
10784,9
6879,3
8484,1
10230,1
3773,0
12146,0
14845,8
2920,1
11416,3
3838,8
11899,3
7668,4
5284,4
3983,5
13722,1
751,2
12602,7
3425,8
932,2
7607,9
5008,5
11378,9
13400,7
3512,2
107,3
14800,9
10852,5
12562,4
5318,0
611,5
1102,5
1894,0
8683,8
5353,5
5500,5
8302,9
4701,1
1594,7
1429,2
7596,5
5614,9
235,3
3732,3
7055,4
13131,9
4155,5
10868,3
2285,8
10799,8
7736,4
11309,5
9093,9
4234,3
6246,7
9777,4
11714,3
5960,2
6412,9
3805,3
11865,2
14720,8
5521,5
3060,7
7704,0
4145,9
14726,2
9721,2
14520,0
10452,8
13701,1
2714,0
13320,3
14555,1
9872,5
13061,7
3373,7
1095,5
6362,8
6494,9
5950,0
5153,8
10058,0
2721,6
8506,5
11599,3
10717,1
725,5
12169,1
7770,7
10882,2
13549,0
13776,0
4940,4
11034,5
3692,3
4186,5
4101,6
2270,1
10578,4
6578,2
13357,5
3569,9
1383,0
6907,9
4313,6
135,9
6290,6
6735,0
12423,7
8717,9
14419,8
5800,1
7806,5
9643,9
9725,4
955,3
8883,0
6212,6
14653,0
8878,7
3377,0
12384,7
12183,1
6351,5
6881,4
11744,5
2623,4
4126,9
9437,4
8782,6
3592,6
12167,3
9754,6
1221,9
5953,5
5382,1
12660,5
8512,1
3691,8
9342,7
861,1
2106,8
14097,5
13094,4
13569,5
4496,8
13442,3
6567,4
1621,3
982,6
1246,0
4390,6
14278,7
12426,2
10162,6
11280,7
5900,5
8430,8
12837,3
2619,3
6125,2
2368,4
14034,3
8228,5
1906,5
10473,4
5825,8
661,5
2174,3
14489,9
2822,9
1791,5
7464,4
12945,4
7186,6
915,5
10275,1
11958,0
6668,6
2496,5
2972,9
6700,2
3162,5
11485,3
4907,9
3184,2
12611,1
12831,0
5134,2
2824,4
1586,6
13370,7
9789,7
920,3
7835,4
8847,5
4239,1
9400,3
3090,1
4651,4
3898,4
1871,8
9650,9
2984,3
8632,1
7830,1
10111,9
10701,8
3472,5
2250,2
11301,2
3735,4
6683,5
4914,5
3705,7
6406,9
11029,3
12372,7
7152,2
10053,8
3022,3
3832,6
8225,9
1770,2
6472,8
13876,5
2554,9
5942,8
6634,0
5438,7
3776,5
6137,3
10052,2
6285,7
9615,0
11021,4
432,1
1768,6
7341,4
10314,7
95,9
6445,1
1688,2
6006,6
13444,0
10380,0
7079,2
13743,2
6804,9
556,6
4708,3
4058,6
8588,1
13363,2
14357,4
7709,2
13100,4
12429,3
9774,0
11302,3
1589,2
13402,9
9864,7
5177,9
11565,5
12939,8
2128,8
13564,4
8128,6
8199,7
1137,9
4437,3
13926,8
3164,0
7209,2
8269,1
14972,4
3157,9
4884,8
8118,0
7452,6
14268,8
713,1
2615,0
12142,7
9528,8
6556,9
1605,2
9616,5
9171,3
3729,2
4754,1
12817,3
10756,3
11978,9
13864,8
7307,1
3442,7
264,4
8436,2
10502,2
3208,9
13416,4
6944,2
9257,7
14792,6
44,1
14611,3
4784,0
4840,5
5036,7
7890,0
11188,5
2031,5
14822,1
13003,8
11882,0
14979,6
10382,5
14916,6
1078,7
10575,8
6379,3
3981,5
6298,3
9490,5
835,7
14930,2
6801,0
5483,3
7092,2
516,5
9239,4
5892,0
4060,3
10687,2
14780,1
2531,3
14699,1
738,8
12996,6
186,7
7990,6
9926,8
2145,8
3115,7
3250,6
7267,4
8862,9
12652,1
12225,8
7073,1
10597,4
13826,2
7403,0
158,3
13459,3
2198,1
5351,7
6686,6
7246,7
10409,5
12773,3
10794,5
4769,4
10830,2
7116,7
11326,2
13333,1
5214,7
11716,8
11422,7
4959,2
11314,6
4398,7
3699,6
2307,3
2487,4
7818,5
14748,1
342,8
14767,8
13431,6
7926,1
5139,3
9397,9
6883,9
2912,7
7277,0
7398,9
4312,1
997,6
5703,0
9045,1
1142,8
9663,2
8920,0
536,2
9059,8
1765,8
4942,2
1038,9
13902,8
2526,2
7288,5
3392,0
7749,7
14933,9
6522,4
14859,0
11549,3
2826,9
12072,1
4448,8
14946,3
10026,5
12724,2
14662,6
2791,6
2639,4
11006,5
4826,1
2981,8
238,6
11548,1
11511,6
1620,9
5087,7
10611,1
13119,1
5778,0
14990,4
236,2
8760,3
12852,4
10833,0
11656,8
8187,9
12244,3
2827,8
11360,2
4016,6
509,6
10195,5
13991,3
7902,8
6098,7
5706,8
5933,0
12572,8
4900,3
5057,5
5095,3
10699,8
14893,3
8609,2
4679,9
1985,5
8699,6
2696,4
12800,2
11141,0
9508,6
7049,9
9079,6
8629,2
8126,5
11343,7
4184,5
9545,9
1952,2
9952,0
6731,3
6899,9
455,7
2222,0
14149,3
4873,7
13231,7
197,9
1418,5
1010,5
6541,0
692,4
3779,4
13614,3
6473,3
8317,7
7468,5
5805,0
7279,2
8820,9
9108,0
12777,3
5808,7
1147,2
13625,6
7424,9
10762,2
6611,4
682,2
3688,0
8599,0
2294,5
14272,1
14265,9
12610,1
14002,3
13768,7
12152,4
4172,9
2177,0
7410,9
11460,5
10923,5
10723,6
1127,4
11812,3
9418,3
6714,6
9155,8
2060,4
13126,6
3965,2
3540,7
3744,4
12228,1
4042,9
10417,5
1887,1
5991,3
11575,0
3992,9
5352,9
11898,0
5021,4
13118,5
5565,5
11426,9
6244,1
3702,7
973,5
5263,6
7060,9
4981,1
10266,4
898,3
13780,5
13342,2
7575,1
7066,7
11787,3
829,8
14257,7
14145,2
3108,6
10545,9
7620,9
7764,9
2321,3
3044,0
5142,2
2974,3
482,4
11445,6
2032,9
12199,1
13895,4
13947,5
10763,0
9371,9
7729,3
10477,5
13901,7
2199,6
4935,3
2610,5
295,8
869,8
3343,5
4009,2
11936,0
5925,5
10828,4
11337,7
753,7
11165,2
11508,6
4272,9
6717,8
14136,5
12350,2
10386,8
5671,9
7849,7
8597,7
6201,6
7038,7
542,8
14345,8
5650,4
3080,7
13358,9
4818,3
14834,1
3962,8
10829,7
747,5
7914,8
14694,3
13962,7
5734,0
13173,1
1054,3
10940,0
1035,9
10622,2
3885,9
7611,3
1414,7
537,7
2417,1
12574,9
8502,9
10530,2
11037,5
14469,5
11335,4
7224,3
8402,4
476,5
14600,3
12675,1
2271,9
4401,4
7601,5
14609,5
5124,2
4515,9
12041,2
14498,4
6874,0
6449,9
5082,5
12346,1
2268,4
216,0
4386,3
10897,6
8424,3
10602,5
11701,2
2248,9
7416,9
10705,4
13629,1
3104,3
13204,2
5541,3
3770,1
11294,2
3382,6
7303,6
10862,6
2516,7
7570,4
8198,0
9129,5
99,9
4458,1
2394,3
14073,5
6716,9
8209,4
7013,7
13066,3
7538,1
986,7
7663,1
11128,4
2296,2
4217,5
5173,2
1617,7
11517,9
6225,0
14648,0
3451,0
12648,2
14201,2
4963,7
13179,0
240,0
11564,4
9848,9
10856,7
2534,4
10121,3
810,2
12702,9
14084,8
8356,8
3809,0
12774,5
5379,1
11720,3
11561,8
13672,5
7671,9
11452,0
7863,5
11691,4
11295,2
260,2
8992,2
14558,5
272,3
5810,7
5793,4
14570,7
6827,4
1033,6
13425,1
9793,5
4657,3
8864,1
2474,9
8031,8
10712,4
3765,6
11939,7
6750,6
12829,5
8319,7
3874,1
2841,9
10051,3
3503,1
5534,9
3841,4
8155,0
4374,9
13817,3
9931,3
1240,6
12604,1
8651,8
9236,7
5427,6
13292,1
10664,4
1497,7
4500,9
12217,3
2524,2
941,5
3565,1
7344,6
14177,1
5192,7
1268,1
9063,5
8438,0
13731,3
12645,5
9392,2
9513,2
1734,2
5053,8
1636,1
7294,9
6458,9
9738,5
10117,2
8679,9
9897,2
14372,5
10470,5
13516,1
8174,8
12910,0
4183,2
3895,4
5243,9
11277,6
6900,8
12313,5
2409,8
13677,4
9248,9
12371,9
3471,6
827,2
3407,3
11538,1
1241,5
13604,0
7003,9
11488,5
382,4
14180,5
2707,3
10404,7
2376,6
7551,5
2591,7
6550,2
4760,5
12144,0
6403,4
603,8
9385,5
8779,7
5759,2
6510,6
4141,8
9118,2
6813,1
13184,6
4858,3
2968,2
12895,8
14905,0
1401,9
11989,3
3942,4
13514,9
9439,7
12161,4
10565,8
9017,3
14141,2
13883,2
5633,2
9776,5
4445,4
13113,7
14850,6
12213,5
5358,3
3697,1
3850,6
2173,6
9185,3
10806,6
7953,0
14593,5
724,4
3397,9
14984,1
13151,8
5310,0
4187,3
12874,5
5849,2
2637,8
4329,2
2645,7
8200,6
11305,5
14456,1
12358,4
676,6
2051,7
7018,8
12450,9
72,1
7100,8
12530,5
5651,3
10388,2
10425,2
11094,3
12132,6
12084,3
11607,6
8751,6
10655,9
7707,7
13224,5
12948,9
8515,8
4087,0
3916,0
9078,4
8938,8
10835,2
3292,7
8791,2
7724,5
12326,7
14438,4
13742,9
10293,6
10221,4
5461,0
7454,1
5865,8
1280,8
8817,4
3272,5
13188,7
13600,1
927,2
9253,6
2207,1
10647,8
7097,3
13407,3
2845,1
4139,2
79,2
19,3
11217,0
7245,0
9244,0
464,2
12873,4
14205,6
10580,8
13020,5
8088,7
9646,5
335,9
7362,6
5403,6
2994,4
4673,5
12546,0
12481,9
8018,5
7935,8
9673,6
6320,9
9259,7
5804,9
5202,3
11896,4
14516,5
13314,2
3423,0
8238,0
255,8
9163,4
13309,6
1410,3
13449,5
6037,5
11773,8
5272,2
7841,5
9917,1
14369,0
7489,7
8870,9
13473,6
64,8
1981,2
13995,2
8568,8
4583,5
13879,5
11722,4
8382,1
14076,4
7533,9
5552,5
14085,8
8953,8
8245,0
9347,7
2044,5
1965,6
10743,7
5661,5
6618,9
8531,4
6092,5
324,9
12703,5
12151,9
7727,9
11370,1
8017,4
8103,9
11569,4
11554,5
8221,6
1537,7
2460,2
11979,2
12778,7
14016,5
3811,0
2309,5
12745,4
13174,4
3886,4
547,6
1116,5
3778,5
10898,3
10810,2
9065,1
4770,2
10049,5
2847,7
781,5
6452,2
10242,8
3588,2
14971,4
8009,6
7490,6
1082,8
11064,3
9779,4
8478,0
1398,5
7871,4
11558,4
1210,4
1672,7
14672,4
12688,2
178,5
642,7
5188,1
13964,7
11287,7
14276,8
2255,8
590,5
10994,2
9203,3
7737,8
8496,6
4710,5
5391,1
591,3
3430,5
12241,0
4852,4
5304,9
5629,9
5045,9
11532,7
2146,7
11684,6
9084,7
4356,1
3322,5
9792,1
2141,9
8736,2
8464,3
12897,3
4291,2
13607,7
1961,7
13324,5
9249,8
9806,9
9947,9
11310,9
9250,2
12135,8
12779,9
7662,9
12050,6
6275,8
4262,7
6754,4
11482,2
10654,6
14309,3
5401,6
8283,4
12328,6
10365,5
11008,8
14857,6
9723,9
4464,1
10431,6
8976,7
646,3
971,2
686,5
6228,1
1488,5
13008,3
11334,9
12690,6
1128,1
8108,2
5979,8
2977,4
10102,5
2734,3
1112,1
10135,3
12311,0
2501,8
4096,9
12039,4
11698,0
645,9
6919,8
3573,8
9387,6
7218,1
11911,3
2746,2
12133,2
5873,6
14789,6
7655,6
10089,5
580,7
361,9
14352,2
9544,0
5916,0
11190,7
4532,3
12245,3
7155,7
296,1
13916,2
10321,0
14037,5
10097,3
7962,2
8137,0
13633,3
10429,7
4034,5
12465,4
7222,6
10861,3
8446,1
346,3
9449,0
11308,7
8468,1
12514,1
4648,1
2567,0
9884,3
7432,8
12599,1
7082,9
9523,5
10419,3
3989,9
2169,3
8134,3
9233,6
5842,1
13209,8
5884,2
5965,9
7298,1
2771,5
8157,9
8341,2
7908,2
512,9
11529,7
13185,3
8379,5
11588,1
6952,6
14099,7
4026,3
9561,2
7315,3
7907,7
6073,8
1669,2
7940,1
4812,3
1731,6
14069,8
13143,7
13490,8
11007,4
9835,8
14354,6
9715,8
1911,9
4403,1
2284,1
4985,0
4595,8
10451,0
9159,3
7405,3
14794,9
4992,2
2057,7
4687,8
3362,8
7960,9
10802,5
10269,2
10061,3
11403,6
10667,9
1017,0
3991,3
7983,4
8455,9
8570,0
4076,2
5590,7
4065,1
7690,7
6175,1
9179,6
9127,9
1681,7
3295,2
757,8
14154,7
7901,8
1695,8
4195,4
5258,5
7159,3
5098,7
10460,3
10231,8
4555,2
4316,4
14660,6
9346,6
1828,6
14405,1
12321,3
4707,7
8180,2
14039,6
10863,6
5670,0
954,8
6657,1
4838,6
8234,0
2530,2
2596,0
3801,8
1390,6
8503,1
5599,9
11730,8
11677,9
3812,5
5015,8
1625,5
13990,4
6377,1
3577,5
8301,7
11852,4
9945,9
9688,0
796,3
6734,2
13390,5
4741,7
9514,2
12810,3
3852,7
4383,5
11824,4
14242,1
3968,3
6950,7
10750,2
8669,6
7357,4
12078,0
10099,7
2840,9
812,0
12261,7
11930,0
8298,4
13176,9
3318,5
8211,1
10443,5
13081,2
8933,1
23,1
2744,7
11670,1
13054,9
9043,9
224,7
5983,2
13397,9
952,8
3579,2
11419,9
3455,3
13967,0
736,3
10158,9
6577,2
6281,3
9542,1
14359,0
6847,1
12601,5
12427,0
228,8
12113,7
4558,9
218,6
766,3
3145,8
6274,9
9277,4
221,3
9674,3
1947,1
12024,1
13834,0
8638,3
8049,2
2013,1
14475,7
13758,1
7640,9
12742,8
13927,4
13202,1
762,6
130,1
6447,4
10301,2
7747,3
5992,1
10945,4
4468,3
13838,1
9939,8
13007,7
9208,6
11925,7
401,6
12971,0
6294,0
7194,3
8029,5
11916,2
5194,8
11073,2
417,1
10754,2
5688,8
2261,0
10457,5
13813,3
11223,1
2664,5
1377,9
2850,9
3361,5
10525,3
2236,3
5924,6
14249,5
13797,6
14798,7
7275,0
3620,1
7061,2
13180,2
6454,7
263,0
2993,9
10217,1
1015,5
10445,4
12934,7
10995,4
9546,7
8733,5
13150,9
10671,7
6087,8
3446,0
6462,4
1940,3
1442,2
8084,7
11369,8
4886,4
398,8
4781,2
11366,8
11432,0
6627,8
4730,8
1750,9
3785,4
14608,0
4919,8
10617,7
386,7
7074,2
6892,5
9900,2
680,5
13256,0
88,5
1836,0
2814,4
4950,7
7396,2
3212,4
9154,5
14221,3
4276,3
13641,6
13823,9
6015,1
592,2
11172,5
2472,0
14058,9
1601,2
5452,0
2035,6
8951,8
6437,2
8652,1
203,1
9012,3
4264,1
5296,6
8470,9
7846,7
5196,1
11672,5
1253,7
12103,9
12812,3
6574,2
4581,0
7793,3
7968,8
594,6
3286,9
586,8
11729,4
208,3
12568,9
6927,2
6514,4
9425,3
8880,9
10498,5
5207,1
14407,1
11433,2
12642,8
10736,9
2777,0
2276,0
9785,1
4391,4
5070,7
1406,4
8345,8
10957,3
9501,3
4997,4
2816,8
8098,4
1230,6
4904,2
1857,8
2434,0
11350,0
2930,4
5518,7
10905,5
9575,4
8057,5
13232,8
10541,5
2007,2
6772,6
8927,5
7217,8
10610,0
1072,8
8767,3
10633,7
14650,9
6942,7
14468,5
12517,7
11846,0
14889,3
7036,8
11496,0
211,3
3816,1
14995,4
9943,0
9200,2
11972,5
5781,9
5290,3
2467,7
13824,6
1029,8
8082,8
14206,3
11646,2
3777,7
8160,3
11651,1
2459,1
6295,2
3355,1
9479,7
8850,3
5238,6
3954,8
1048,5
5268,9
7495,3
14806,6
9586,7
4492,5
3783,3
43,4
9245,1
5727,3
12397,3
10366,7
4364,4
3229,3
9657,4
14749,3
13893,2
8329,9
4335,9
10956,4
11136,9
